{
"type": "FeatureCollection",
"name": "cline_LC08_025039_20170929_clp",
"crs": { "type": "name", "properties": { "name": "urn:ogc:def:crs:EPSG::32615" } },
"features": [
{ "type": "Feature", "properties": { "FID": 0, "length_rkm": 92 }, "geometry": { "type": "LineString", "coordinates": [ [ 326311.717049402941484, 3361715.305937595199794 ], [ 326325.278994903084822, 3361708.978105277754366 ], [ 326347.868574098043609, 3361698.780744363088161 ], [ 326370.588098058186006, 3361688.899628681130707 ], [ 326393.439006340515334, 3361679.368311209138483 ], [ 326416.422738501802087, 3361670.2203449299559 ], [ 326439.540734098933171, 3361661.489282822236419 ], [ 326462.794432688795496, 3361653.208677865099162 ], [ 326486.185273828334175, 3361645.412083039060235 ], [ 326509.714697074261494, 3361638.133051325101405 ], [ 326533.384141983638983, 3361631.405135703273118 ], [ 326557.195048113237135, 3361625.261889152228832 ], [ 326581.148855019942857, 3361619.736864652484655 ], [ 326605.247002260701265, 3361614.863615184556693 ], [ 326629.490929392282851, 3361610.675693727564067 ], [ 326653.882075971574523, 3361607.206653261557221 ], [ 326678.421881555463187, 3361604.490046767983586 ], [ 326703.110405055689625, 3361602.550085252150893 ], [ 326727.936158390773926, 3361601.332848354242742 ], [ 326752.881901406042743, 3361600.745494990143925 ], [ 326777.930351888004225, 3361600.694899488706142 ], [ 326803.064227623224724, 3361601.087936178315431 ], [ 326828.266246397979558, 3361601.83147938689217 ], [ 326853.519125998660456, 3361602.832403441891074 ], [ 326878.805584212066606, 3361603.997582674957812 ], [ 326904.108338824473321, 3361605.233891412615776 ], [ 326929.410107622505166, 3361606.448203984182328 ], [ 326954.693608392321039, 3361607.547394718043506 ], [ 326979.941558920720126, 3361608.43833794305101 ], [ 327005.136676993919536, 3361609.027907986659557 ], [ 327030.261680398660246, 3361609.222979178652167 ], [ 327055.299286921101157, 3361608.93042584694922 ], [ 327080.232214347925037, 3361608.057122321333736 ], [ 327105.043180465581827, 3361606.509942929260433 ], [ 327129.71658140711952, 3361604.212652079761028 ], [ 327154.244311958667822, 3361601.164477046113461 ], [ 327178.620360318920575, 3361597.385712209157646 ], [ 327202.838714780576993, 3361592.896652893163264 ], [ 327226.893363636278082, 3361587.717594424262643 ], [ 327250.778295178548433, 3361581.868832126725465 ], [ 327274.487497700203676, 3361575.37066132761538 ], [ 327298.014959493768401, 3361568.243377349339426 ], [ 327321.354668852058239, 3361560.507275519426912 ], [ 327344.500614067539573, 3361552.182651162147522 ], [ 327367.446783432969823, 3361543.289799603167921 ], [ 327390.187165241106413, 3361533.849016168154776 ], [ 327412.715747784357518, 3361523.880596180912107 ], [ 327435.026519355655182, 3361513.404834968503565 ], [ 327457.113468247465789, 3361502.44202785519883 ], [ 327478.97056003997568, 3361491.01244251197204 ], [ 327500.58329360850621, 3361479.126037627924234 ], [ 327521.916057692316826, 3361466.767068387009203 ], [ 327542.930005606554914, 3361453.915850552264601 ], [ 327563.586290666135028, 3361440.552699882537127 ], [ 327583.846066185913514, 3361426.657932140398771 ], [ 327603.670485481095966, 3361412.211863087490201 ], [ 327623.020701866422314, 3361397.194808484055102 ], [ 327641.857868657214567, 3361381.587084093596786 ], [ 327660.143139168270864, 3361365.369005674496293 ], [ 327677.837666714622173, 3361348.520888989791274 ], [ 327694.902604611241259, 3361331.023049800656736 ], [ 327711.299106173100881, 3361312.855803868733346 ], [ 327726.99025168386288, 3361294.008576920256019 ], [ 327741.947634388576262, 3361274.511040688958019 ], [ 327756.145197632664349, 3361254.403977279085666 ], [ 327769.55688483902486, 3361233.728169157169759 ], [ 327782.156639430206269, 3361212.52439879393205 ], [ 327793.918404828873463, 3361190.833448654972017 ], [ 327804.816124457982369, 3361168.696101211942732 ], [ 327814.823741739848629, 3361146.153138929978013 ], [ 327823.915200097544584, 3361123.245344280265272 ], [ 327832.064442953560501, 3361100.013499729800969 ], [ 327839.245413730735891, 3361076.498387747444212 ], [ 327845.432055851677433, 3361052.740790801122785 ], [ 327850.598312739108223, 3361028.781491359695792 ], [ 327854.718127815867774, 3361004.661271892488003 ], [ 327857.778123338706791, 3360980.416595153976232 ], [ 327859.818727880774532, 3360956.065591945778579 ], [ 327860.894640860322397, 3360931.621530953329057 ], [ 327861.060561799211428, 3360907.097680829465389 ], [ 327860.371190218953416, 3360882.507310223765671 ], [ 327858.881225641234778, 3360857.863687788601965 ], [ 327856.645367587567307, 3360833.180082174018025 ], [ 327853.718315579579212, 3360808.469762031454593 ], [ 327850.154769139189739, 3360783.745996012352407 ], [ 327846.009427787503228, 3360759.022052766755223 ], [ 327841.336991046671756, 3360734.311200947500765 ], [ 327836.192158437974285, 3360709.626709203701466 ], [ 327830.629629483039025, 3360684.981846186332405 ], [ 327824.704103703668807, 3360660.389880548231304 ], [ 327818.470280621491838, 3360635.864080939907581 ], [ 327811.982859757903498, 3360611.417716011870652 ], [ 327805.296540634764824, 3360587.064054415561259 ], [ 327798.464736072928645, 3360562.812788165640086 ], [ 327791.534325274231378, 3360538.655447807628661 ], [ 327784.550118691637181, 3360514.577813393436372 ], [ 327777.556925958255306, 3360490.565662696957588 ], [ 327770.599556707020383, 3360466.604773493018001 ], [ 327763.722820570808835, 3360442.680923553183675 ], [ 327756.971527182555292, 3360418.779890652280301 ], [ 327750.390486175310798, 3360394.887452563270926 ], [ 327744.024507182068191, 3360370.989387060049921 ], [ 327737.918399835471064, 3360347.071471914183348 ], [ 327732.116973768861499, 3360323.119484902825207 ], [ 327726.665038614941295, 3360299.119203797075897 ], [ 327721.607404006645083, 3360275.05640637036413 ], [ 327716.988879576965701, 3360250.91687039565295 ], [ 327712.854274958954193, 3360226.686373648233712 ], [ 327709.248399785545189, 3360202.350693901535124 ], [ 327706.216063689556904, 3360177.895608928054571 ], [ 327703.800834983063396, 3360153.307613147422671 ], [ 327702.017662640078925, 3360128.589723661541939 ], [ 327700.852837933925912, 3360103.761502404231578 ], [ 327700.291403144656215, 3360078.843232381623238 ], [ 327700.318400552030653, 3360053.855196600779891 ], [ 327700.918872436275706, 3360028.817678071558475 ], [ 327702.077861077268608, 3360003.750959800556302 ], [ 327703.780408754828386, 3359978.675324794370681 ], [ 327706.011557749239728, 3359953.611056064255536 ], [ 327708.756350340263452, 3359928.57843661447987 ], [ 327711.999828807835001, 3359903.597749454900622 ], [ 327715.727035432122648, 3359878.689277592115104 ], [ 327719.923012492945418, 3359853.873304034117609 ], [ 327724.572802270413376, 3359829.170111789368093 ], [ 327729.66144704434555, 3359804.599983864929527 ], [ 327735.173989094910212, 3359780.183203269261867 ], [ 327741.095470701809973, 3359755.940053008962423 ], [ 327747.410423413559329, 3359731.889974867925048 ], [ 327754.090382909169421, 3359708.031005137134343 ], [ 327761.093154709611554, 3359684.338565172627568 ], [ 327768.375886608322617, 3359660.786992990411818 ], [ 327775.895726398273837, 3359637.350626600440592 ], [ 327783.609821872436441, 3359614.003804018255323 ], [ 327791.475320824014489, 3359590.720863256137818 ], [ 327799.44937104586279, 3359567.476142326369882 ], [ 327807.489120331243612, 3359544.243979243561625 ], [ 327815.551716473128181, 3359520.998712020460516 ], [ 327823.594307264662348, 3359497.71467866981402 ], [ 327831.574040498700924, 3359474.366217204369605 ], [ 327839.448063968506176, 3359450.927665638271719 ], [ 327847.17352546704933, 3359427.373361984733492 ], [ 327854.707572787476238, 3359403.677644256036729 ], [ 327862.00735372264171, 3359379.814850465394557 ], [ 327869.030020090693142, 3359355.759321336168796 ], [ 327875.753586322942283, 3359331.499448526185006 ], [ 327882.225546436326113, 3359307.070418064016849 ], [ 327888.507840341422707, 3359282.517145262099802 ], [ 327894.662407948577311, 3359257.884545433800668 ], [ 327900.75118916813517, 3359233.217533891089261 ], [ 327906.836123910732567, 3359208.561025947798043 ], [ 327912.979152086772956, 3359183.959936915431172 ], [ 327919.242213606543373, 3359159.459182107821107 ], [ 327925.687248380680103, 3359135.103676836006343 ], [ 327932.37619631952839, 3359110.938336415681988 ], [ 327939.370997333375271, 3359087.00807615602389 ], [ 327946.733591332915239, 3359063.357811371330172 ], [ 327954.525918228318915, 3359040.032457374036312 ], [ 327962.809917930164374, 3359017.076929476577789 ], [ 327971.647530348855071, 3358994.536142992787063 ], [ 327981.100695394852664, 3358972.45501323370263 ], [ 327991.231352978618816, 3358950.878455514553934 ], [ 328002.101982204359956, 3358929.852067667990923 ], [ 328013.816865214030258, 3358909.474362784530967 ], [ 328026.551191523729358, 3358889.933610133361071 ], [ 328040.487025185371749, 3358871.42678093817085 ], [ 328055.806430250930134, 3358854.150846416130662 ], [ 328072.691470772842877, 3358838.302777790464461 ], [ 328091.32421080279164, 3358824.079546278808266 ], [ 328111.870591661601793, 3358811.66988753573969 ], [ 328134.21724992513191, 3358801.119867015630007 ], [ 328158.014515655755531, 3358792.354843682609499 ], [ 328182.905271239345893, 3358785.296372190583497 ], [ 328208.532399062300101, 3358779.86600719531998 ], [ 328234.538781510782428, 3358775.985303351189941 ], [ 328260.567300970840733, 3358773.57581531163305 ], [ 328286.263573834265117, 3358772.558908624574542 ], [ 328311.430377164680976, 3358772.84507827507332 ], [ 328336.110211517836433, 3358774.328237941488624 ], [ 328360.365752419806086, 3358776.900905827526003 ], [ 328384.259675397654064, 3358780.45560014154762 ], [ 328407.854655977746006, 3358784.884839087259024 ], [ 328431.213369686563965, 3358790.081140871625394 ], [ 328454.398492050706409, 3358795.937023699749261 ], [ 328477.472698596888222, 3358802.345005778595805 ], [ 328500.498664851591457, 3358809.19760531373322 ], [ 328523.539066341356374, 3358816.387340509798378 ], [ 328546.656578592781443, 3358823.806729573290795 ], [ 328569.913877132406924, 3358831.348290710709989 ], [ 328593.373637486889493, 3358838.904542126692832 ], [ 328617.09853518276941, 3358846.368002029135823 ], [ 328641.151245746470522, 3358853.631188620813191 ], [ 328665.594444704707712, 3358860.586620110087097 ], [ 328690.490807584137656, 3358867.126814702060074 ], [ 328715.87904106877977, 3358873.129292482044548 ], [ 328741.636945918551646, 3358878.370889224577695 ], [ 328767.576102207473014, 3358882.587004168890417 ], [ 328793.507885093451478, 3358885.51290832972154 ], [ 328819.243669733928982, 3358886.883872721344233 ], [ 328844.594831287104171, 3358886.435168361756951 ], [ 328869.372744910710026, 3358883.902066264301538 ], [ 328893.388785762421321, 3358879.019837443716824 ], [ 328916.45448316144757, 3358871.529236251488328 ], [ 328938.387518803763669, 3358861.389849929139018 ], [ 328959.013659975724295, 3358848.848860755097121 ], [ 328978.159223839349579, 3358834.173009451944381 ], [ 328995.650527557067107, 3358817.629036745522171 ], [ 329011.313888290780596, 3358799.48368335608393 ], [ 329024.975623202801216, 3358780.003690008074045 ], [ 329036.462555092584807, 3358759.455494220834225 ], [ 329045.690171127731446, 3358738.052365992218256 ], [ 329052.763372965157032, 3358715.893993079662323 ], [ 329057.811436949821655, 3358693.065446974243969 ], [ 329060.963639426918235, 3358669.651799168903381 ], [ 329062.349256741872523, 3358645.738121156580746 ], [ 329062.097565239644609, 3358621.409484428819269 ], [ 329060.337841265485622, 3358596.750960478093475 ], [ 329057.199361164646689, 3358571.847620798274875 ], [ 329052.811401282262523, 3358546.784536879975349 ], [ 329047.303237963526044, 3358521.646780217532068 ], [ 329040.804147553630173, 3358496.519422300625592 ], [ 329033.443406397709623, 3358471.487534624990076 ], [ 329025.350290841073729, 3358446.636188680771738 ], [ 329016.654077228857204, 3358422.050455961376429 ], [ 329007.484041906252969, 3358397.815407958813012 ], [ 328997.96876116032945, 3358374.014812903944403 ], [ 328988.205487307393923, 3358350.674124791752547 ], [ 328978.2482307284954, 3358327.73829631973058 ], [ 328968.147840202844236, 3358305.146394391544163 ], [ 328957.955164510174654, 3358282.837485913187265 ], [ 328947.721052429929841, 3358260.750637789722532 ], [ 328937.496352741494775, 3358238.824916925281286 ], [ 328927.331914224254433, 3358216.999390223994851 ], [ 328917.278585657826625, 3358195.213124592322856 ], [ 328907.387215821712743, 3358173.405186933930963 ], [ 328897.708653495297767, 3358151.514644154813141 ], [ 328888.293747458083089, 3358129.480563160032034 ], [ 328879.193346489453688, 3358107.242010852787644 ], [ 328870.458299368969165, 3358084.738054139539599 ], [ 328862.133538157911971, 3358061.912681959103793 ], [ 328854.188411042967346, 3358038.772760427091271 ], [ 328846.540065313747618, 3358015.368580856826156 ], [ 328839.104609921516385, 3357991.751298340968788 ], [ 328831.798153817944694, 3357967.972067973576486 ], [ 328824.536805954528973, 3357944.082044847775251 ], [ 328817.236675282765646, 3357920.132384055294096 ], [ 328809.813870754092932, 3357896.174240690190345 ], [ 328802.184501320123672, 3357872.258769846055657 ], [ 328794.264675932354294, 3357848.437126614619046 ], [ 328785.970503542106599, 3357824.760466089937836 ], [ 328777.218093101168051, 3357801.27994336374104 ], [ 328767.923553560860455, 3357778.046713530551642 ], [ 328758.002993872854859, 3357755.111931683029979 ], [ 328747.372522988531273, 3357732.52675291383639 ], [ 328735.948249859444331, 3357710.342332316096872 ], [ 328723.650048300274648, 3357688.611190968193114 ], [ 328710.453368228278123, 3357667.406014329288155 ], [ 328696.376058061607182, 3357646.814871082548052 ], [ 328681.437034897506237, 3357626.92621765146032 ], [ 328665.655215834034607, 3357607.828510461375117 ], [ 328649.04951796901878, 3357589.610205938573927 ], [ 328631.638858400052413, 3357572.359760506078601 ], [ 328613.442154225194827, 3357556.165630591567606 ], [ 328594.478322541690432, 3357541.116272618062794 ], [ 328574.766280447831377, 3357527.300143010914326 ], [ 328554.324945041036699, 3357514.805698196403682 ], [ 328533.173233419191092, 3357503.721394598018378 ], [ 328511.330104511522222, 3357494.135575287044048 ], [ 328488.828348327078857, 3357486.099103760905564 ], [ 328465.734504685155116, 3357479.571388006210327 ], [ 328442.120164463296533, 3357474.498148611281067 ], [ 328418.056918539106846, 3357470.825106165837497 ], [ 328393.616357790306211, 3357468.497981258202344 ], [ 328368.870073094207328, 3357467.462494475767016 ], [ 328343.889655328530353, 3357467.664366408716887 ], [ 328318.746695370879024, 3357469.049317644909024 ], [ 328293.512784098740667, 3357471.563068773131818 ], [ 328268.259512389660813, 3357475.151340381242335 ], [ 328243.058471121359617, 3357479.759853059891611 ], [ 328217.981251171149779, 3357485.334327394142747 ], [ 328193.099443416926078, 3357491.820483976509422 ], [ 328168.484638735884801, 3357499.164043392054737 ], [ 328144.208428006095346, 3357507.31072623282671 ], [ 328120.342402104812209, 3357516.206253085751086 ], [ 328096.958151909464505, 3357525.796344538219273 ], [ 328074.116335497354157, 3357536.032165084965527 ], [ 328051.821095374936704, 3357546.893020717892796 ], [ 328030.05836629436817, 3357558.367283839266747 ], [ 328008.814074199995957, 3357570.443331238813698 ], [ 327988.074145036167465, 3357583.109539706725627 ], [ 327967.824504747113679, 3357596.35428603226319 ], [ 327948.05107927712379, 3357610.165947004687041 ], [ 327928.739794570370577, 3357624.532899413257837 ], [ 327909.876576571259648, 3357639.443520047701895 ], [ 327891.447351224021986, 3357654.886185697279871 ], [ 327873.43804447283037, 3357670.84927315171808 ], [ 327855.834582262206823, 3357687.321159201674163 ], [ 327838.620809944695793, 3357704.287918516434729 ], [ 327821.733902780397329, 3357721.68398656276986 ], [ 327805.065014124673326, 3357739.392876808065921 ], [ 327788.503346387005877, 3357757.295944048091769 ], [ 327771.938101977109909, 3357775.274543078616261 ], [ 327755.258483304351103, 3357793.2100286972709 ], [ 327738.353692778386176, 3357810.983755701221526 ], [ 327721.112932808697224, 3357828.47707888437435 ], [ 327703.425405804882757, 3357845.57135304575786 ], [ 327685.180314176366664, 3357862.147932982537895 ], [ 327666.266860332863871, 3357878.088173488155007 ], [ 327646.574246683856472, 3357893.273429362103343 ], [ 327625.993174196861219, 3357907.58378944452852 ], [ 327604.515442376781721, 3357920.813936308491975 ], [ 327582.296347486088052, 3357932.620433338452131 ], [ 327559.506075199693441, 3357942.647265603300184 ], [ 327536.314811192685738, 3357950.538418175652623 ], [ 327512.892741140152793, 3357955.937876124866307 ], [ 327489.41005071712425, 3357958.489624521229416 ], [ 327466.03692559862975, 3357957.837648435030133 ], [ 327442.941432842926588, 3357953.740279289428145 ], [ 327420.282426926889457, 3357946.453071492724121 ], [ 327398.216258860193193, 3357936.36669701570645 ], [ 327376.899279603210744, 3357923.871830509509891 ], [ 327356.487840115558356, 3357909.359146621078253 ], [ 327337.138291357783601, 3357893.219320001546293 ], [ 327319.006967910041567, 3357875.842936218716204 ], [ 327302.233409692998976, 3357857.529241751413792 ], [ 327286.908679807034787, 3357838.313838051632047 ], [ 327273.115146670024842, 3357818.185039850417525 ], [ 327260.935178699786775, 3357797.131161878351122 ], [ 327250.451144314196426, 3357775.140518867410719 ], [ 327241.745411930955015, 3357752.201425548177212 ], [ 327234.89931488368893, 3357728.305161442607641 ], [ 327229.954845990054309, 3357703.555689075961709 ], [ 327226.903407086036168, 3357678.201878672931343 ], [ 327225.733070114103612, 3357652.50213827053085 ], [ 327226.431907016725745, 3357626.714875905308872 ], [ 327228.987989736662712, 3357601.098499612882733 ], [ 327233.389390216267202, 3357575.911417429335415 ], [ 327239.624180398182943, 3357551.412037391681224 ], [ 327247.680432224879041, 3357527.858767536003143 ], [ 327257.540106477274094, 3357505.492955328896642 ], [ 327269.122748267604038, 3357484.381702006794512 ], [ 327282.3113850656664, 3357464.490162268746644 ], [ 327296.988584013422951, 3357445.782205712515861 ], [ 327313.03691225341754, 3357428.221701935864985 ], [ 327330.338936928077601, 3357411.772520537488163 ], [ 327348.777225179772358, 3357396.398531118407845 ], [ 327368.23434415058, 3357382.063603274058551 ], [ 327388.59286098316079, 3357368.731606603600085 ], [ 327409.735342819825746, 3357356.366410706192255 ], [ 327431.544356803002302, 3357344.931885181926191 ], [ 327453.902470074885059, 3357334.391899627167732 ], [ 327476.69228760281112, 3357324.710301792714745 ], [ 327499.816593541763723, 3357315.839283318724483 ], [ 327523.231522551563103, 3357307.700218985788524 ], [ 327546.90192474797368, 3357300.209449261426926 ], [ 327570.792650246818084, 3357293.283314613625407 ], [ 327594.86854916397715, 3357286.838155511301011 ], [ 327619.094471615040675, 3357280.790312421508133 ], [ 327643.43526771600591, 3357275.056125812698156 ], [ 327667.855787582520861, 3357269.551936153322458 ], [ 327692.320881330524571, 3357264.194083911366761 ], [ 327716.795399075723253, 3357258.898909554351121 ], [ 327741.244190933939535, 3357253.582753552123904 ], [ 327765.632107020821422, 3357248.161956371273845 ], [ 327789.923997452540789, 3357242.552858480252326 ], [ 327814.084712344571017, 3357236.671800347976387 ], [ 327838.079101812734734, 3357230.435122441966087 ], [ 327861.872015972970985, 3357223.759165229275823 ], [ 327885.428304940985981, 3357216.560269180685282 ], [ 327908.718205215700436, 3357208.76916387071833 ], [ 327931.737191530875862, 3357200.383999944198877 ], [ 327954.488124299386982, 3357191.422658046707511 ], [ 327976.973864858387969, 3357181.903021289035678 ], [ 327999.197274545149412, 3357171.842972786631435 ], [ 328021.161214696767274, 3357161.260395652148873 ], [ 328042.868546650570352, 3357150.173172997776419 ], [ 328064.322131743654609, 3357138.599187939427793 ], [ 328085.524831313290633, 3357126.556323588825762 ], [ 328106.479506696632598, 3357114.062463060487062 ], [ 328127.189019230951089, 3357101.135489466134459 ], [ 328147.656230253342073, 3357087.79328592075035 ], [ 328167.884001101134345, 3357074.053735537920147 ], [ 328187.875193111423869, 3357059.93472142983228 ], [ 328207.632667621423025, 3357045.45412671007216 ], [ 328227.159285968402401, 3357030.629834492690861 ], [ 328246.457909489632584, 3357015.479727891273797 ], [ 328265.531399522034917, 3357000.021690018009394 ], [ 328284.38261740305461, 3356984.27360398741439 ], [ 328303.014424469904043, 3356968.253352913074195 ], [ 328321.429682059737388, 3356951.978819908574224 ], [ 328339.63125150965061, 3356935.46788808517158 ], [ 328357.621994156972505, 3356918.738440559245646 ], [ 328375.404771338799037, 3356901.808360440656543 ], [ 328392.982444392517209, 3356884.695530846714973 ], [ 328410.357903699565213, 3356867.417746363673359 ], [ 328427.535631384816952, 3356849.987950064241886 ], [ 328444.522493698517792, 3356832.411818386055529 ], [ 328461.325552565453108, 3356814.694431363139302 ], [ 328477.951869909942616, 3356796.840869029983878 ], [ 328494.408507657179143, 3356778.856211422476918 ], [ 328510.702527731773444, 3356760.745538574643433 ], [ 328526.840992058219854, 3356742.513930521439761 ], [ 328542.830962561361957, 3356724.166467296890914 ], [ 328558.679501166101545, 3356705.708228937815875 ], [ 328574.393669796874747, 3356687.144295477773994 ], [ 328589.980530378641561, 3356668.479746951721609 ], [ 328605.447144835896324, 3356649.719663393683732 ], [ 328620.800361312634777, 3356630.868999965954572 ], [ 328636.024526410270482, 3356611.919568192213774 ], [ 328651.061988038127311, 3356592.838647252880037 ], [ 328665.850498154119123, 3356573.5908317361027 ], [ 328680.327808716276195, 3356554.140716230031103 ], [ 328694.431671682221349, 3356534.452895318623632 ], [ 328708.099839009926654, 3356514.49196359096095 ], [ 328721.270062657247763, 3356494.22251563379541 ], [ 328733.880094582098536, 3356473.609146034810692 ], [ 328745.867686742276419, 3356452.616449379827827 ], [ 328757.17059109575348, 3356431.209020256996155 ], [ 328767.726559600210749, 3356409.351453252602369 ], [ 328777.473344213620294, 3356387.008342953864485 ], [ 328786.348696893895976, 3356364.14428394800052 ], [ 328794.295687627862208, 3356340.732262142933905 ], [ 328801.296695445955265, 3356316.807289210148156 ], [ 328807.351719956204761, 3356292.43218034459278 ], [ 328812.460843928041868, 3356267.669881957117468 ], [ 328816.624150131072383, 3356242.583340459968895 ], [ 328819.841721335018519, 3356217.235502269584686 ], [ 328822.11364030931145, 3356191.689313794486225 ], [ 328823.439989823615178, 3356166.007721451111138 ], [ 328823.820852647651918, 3356140.253671650774777 ], [ 328823.256311551027466, 3356114.490110807586461 ], [ 328821.74644930328941, 3356088.77998533565551 ], [ 328819.29134867398534, 3356063.186241645365953 ], [ 328815.89109243277926, 3356037.771826149895787 ], [ 328811.54576334945159, 3356012.599685265216976 ], [ 328806.255444193317089, 3355987.73276540171355 ], [ 328800.020217734214384, 3355963.234012973960489 ], [ 328792.840166741632856, 3355939.166374394204468 ], [ 328784.715373985294718, 3355915.592796076089144 ], [ 328775.645922234631144, 3355892.576224431395531 ], [ 328765.631894259364344, 3355870.17960587516427 ], [ 328754.673372829332948, 3355848.465886820107698 ], [ 328742.770440713793505, 3355827.498013677541167 ], [ 328729.923180682526436, 3355807.338932862505317 ], [ 328716.131675504962914, 3355788.051590785384178 ], [ 328701.396007950999774, 3355769.698933863081038 ], [ 328685.716260790009983, 3355752.343908505514264 ], [ 328669.09251679177396, 3355736.049461127258837 ], [ 328651.524858725839294, 3355720.878538141027093 ], [ 328633.013369361869991, 3355706.894085960462689 ], [ 328613.558131469297223, 3355694.159050996880978 ], [ 328593.169900957262143, 3355682.720262374263257 ], [ 328571.908962097892072, 3355672.549757428932935 ], [ 328549.849955285084434, 3355663.597894616425037 ], [ 328527.067522413562983, 3355655.815030117984861 ], [ 328503.636305378400721, 3355649.151520119048655 ], [ 328479.630946074787062, 3355643.557720804121345 ], [ 328455.126086397445761, 3355638.983988357707858 ], [ 328430.196368241566233, 3355635.38067896431312 ], [ 328404.916433502105065, 3355632.698148807510734 ], [ 328379.360924073960632, 3355630.886754070408642 ], [ 328353.604481852264144, 3355629.89685094030574 ], [ 328327.721748731972184, 3355629.678795598447323 ], [ 328301.787366608099546, 3355630.182944232132286 ], [ 328275.875977375602815, 3355631.359653023071587 ], [ 328250.062222929496784, 3355633.159278157167137 ], [ 328224.420745164854452, 3355635.532175817526877 ], [ 328199.024008970300201, 3355638.430521019268781 ], [ 328173.905779012304265, 3355641.838821763172746 ], [ 328149.066547383263241, 3355645.769384389277548 ], [ 328124.505722474714275, 3355650.235420634970069 ], [ 328100.222712678601965, 3355655.250142239499837 ], [ 328076.216926386638079, 3355660.826760943513364 ], [ 328052.487771990592591, 3355666.978488486260176 ], [ 328029.034657882351894, 3355673.718536607921124 ], [ 328005.856992453685962, 3355681.060117046814412 ], [ 327982.95418409636477, 3355689.016441544517875 ], [ 327960.32564120227471, 3355697.600721839349717 ], [ 327937.970772163011134, 3355706.826169670559466 ], [ 327915.888985370460432, 3355716.705996778327972 ], [ 327894.079689216508996, 3355727.253414900973439 ], [ 327872.542292092868593, 3355738.481635779608041 ], [ 327851.276202391367406, 3355750.403871153946966 ], [ 327830.287765003566165, 3355763.028647719882429 ], [ 327809.616930765449069, 3355776.341794089414179 ], [ 327789.313813796616159, 3355790.322274396196008 ], [ 327769.428530404227786, 3355804.949051302392036 ], [ 327750.011196894920431, 3355820.201087467838079 ], [ 327731.111929575446993, 3355836.057345550041646 ], [ 327712.780844752618577, 3355852.496788210235536 ], [ 327695.068058733129874, 3355869.498378107324243 ], [ 327678.023687823908404, 3355887.041077903471887 ], [ 327661.697848331532441, 3355905.103850254788995 ], [ 327646.1406565628713, 3355923.665657822508365 ], [ 327631.402228824561462, 3355942.705463266465813 ], [ 327617.520261019759346, 3355962.200844066217542 ], [ 327604.421374487224966, 3355982.116990155074745 ], [ 327591.973714683554135, 3356002.41256997268647 ], [ 327580.044904123642482, 3356023.04619363322854 ], [ 327568.502565322502051, 3356043.976471251342446 ], [ 327557.214320795377716, 3356065.16201294446364 ], [ 327546.047793057397939, 3356086.561428829096258 ], [ 327534.870604623400141, 3356108.133329018950462 ], [ 327523.550378008687403, 3356129.836323630996048 ], [ 327511.954735728213564, 3356151.629022780805826 ], [ 327499.951300297223497, 3356173.470036585815251 ], [ 327487.407694230554625, 3356195.317975158803165 ], [ 327474.191675838956144, 3356217.131289628800005 ], [ 327460.210348833585158, 3356238.822365511208773 ], [ 327445.464459274022374, 3356260.193951830733567 ], [ 327429.968384189531207, 3356281.032838467042893 ], [ 327413.736500608792994, 3356301.125815300270915 ], [ 327396.783185560896527, 3356320.259672208223492 ], [ 327379.122816075047012, 3356338.221199071966112 ], [ 327360.769769179809373, 3356354.797185770235956 ], [ 327341.738421904447023, 3356369.774422183632851 ], [ 327322.043151277815923, 3356382.939698191359639 ], [ 327301.698334328946657, 3356394.079803672619164 ], [ 327280.718348086753394, 3356402.981528506614268 ], [ 327259.117569580324925, 3356409.431662573944777 ], [ 327236.910375838517211, 3356413.216995753347874 ], [ 327214.11890935926931, 3356414.135995508637279 ], [ 327190.895467747410294, 3356412.182854378130287 ], [ 327167.500199839356355, 3356407.513949782587588 ], [ 327144.196509696834255, 3356400.290554297622293 ], [ 327121.247801381861791, 3356390.67394050071016 ], [ 327098.917478956049308, 3356378.825380963273346 ], [ 327077.468946481239982, 3356364.90614826278761 ], [ 327057.165608019451611, 3356349.077514974400401 ], [ 327038.244102658820339, 3356331.508608620613813 ], [ 327020.804298428702168, 3356312.408696125261486 ], [ 327004.902489863219671, 3356291.999832299072295 ], [ 326990.59495292569045, 3356270.504077407065779 ], [ 326977.937963579315692, 3356248.143491712398827 ], [ 326966.987797787529416, 3356225.140135478693992 ], [ 326957.796249039645772, 3356201.70874110236764 ], [ 326950.366965545574203, 3356177.985333955381066 ], [ 326944.674318029254209, 3356154.058077111840248 ], [ 326940.69226348970551, 3356130.014457295183092 ], [ 326938.394758926122449, 3356105.941961226053536 ], [ 326937.755761337524746, 3356081.928075628820807 ], [ 326938.749227723106742, 3356058.060287225525826 ], [ 326941.34911508182995, 3356034.4260827396065 ], [ 326945.529380413179751, 3356011.112948894500732 ], [ 326951.263980715768412, 3355988.208372411783785 ], [ 326958.526872989081312, 3355965.799840015359223 ], [ 326967.292014232138172, 3355943.974838429130614 ], [ 326977.533361443958711, 3355922.820854373276234 ], [ 326989.224871623620857, 3355902.42537457216531 ], [ 327002.340501770435367, 3355882.875885749235749 ], [ 327016.852785533526912, 3355864.257379743736237 ], [ 327032.69192707556067, 3355846.580652257893234 ], [ 327049.739667308924254, 3355829.77155143674463 ], [ 327067.875089997716714, 3355813.751267916988581 ], [ 327086.977278906211723, 3355798.440992334391922 ], [ 327106.925317798275501, 3355783.761915321461856 ], [ 327127.598290438007098, 3355769.635227515827864 ], [ 327148.875280589447357, 3355755.982119551859796 ], [ 327170.635372016695328, 3355742.723782063927501 ], [ 327192.75764848390827, 3355729.781405687332153 ], [ 327215.121193755068816, 3355717.076181056909263 ], [ 327237.605091594101395, 3355704.529298807028681 ], [ 327260.08848711673636, 3355692.061950965318829 ], [ 327282.463149313291069, 3355679.595615727361292 ], [ 327304.648827090277337, 3355667.052405569236726 ], [ 327326.569026618381031, 3355654.354518139734864 ], [ 327348.147254068520851, 3355641.424151087645441 ], [ 327369.307015611615498, 3355628.18350206175819 ], [ 327389.971817418467253, 3355614.554768712259829 ], [ 327410.065165659878403, 3355600.460148686543107 ], [ 327429.510566506884061, 3355585.821839634794742 ], [ 327448.231526130170096, 3355570.562039205338806 ], [ 327466.151550700771622, 3355554.602945047430694 ], [ 327483.194146389549132, 3355537.866754810325801 ], [ 327499.282819367188495, 3355520.2756661423482 ], [ 327514.353672252327669, 3355501.772723963949829 ], [ 327528.400216189678758, 3355482.395984993316233 ], [ 327541.43230815033894, 3355462.21055848384276 ], [ 327553.459806286613457, 3355441.281555647030473 ], [ 327564.492568749876227, 3355419.674087689258158 ], [ 327574.540453692199662, 3355397.453265821561217 ], [ 327583.61331926524872, 3355374.684201251715422 ], [ 327591.721023621037602, 3355351.432005189824849 ], [ 327598.873424911056645, 3355327.761788843665272 ], [ 327605.080381287436467, 3355303.738663423806429 ], [ 327610.351750901783817, 3355279.427740138024092 ], [ 327614.697391905938275, 3355254.894130195491016 ], [ 327618.127162451797631, 3355230.202944807242602 ], [ 327620.650920691085048, 3355205.419295179657638 ], [ 327622.278581801161636, 3355180.608229281846434 ], [ 327623.036200424889103, 3355155.816896266769618 ], [ 327622.988067972997669, 3355131.050040374975652 ], [ 327622.204013357986696, 3355106.306264705490321 ], [ 327620.753865492239129, 3355081.584172355011106 ], [ 327618.707453288312536, 3355056.882366423960775 ], [ 327616.13460565864807, 3355032.199450010433793 ], [ 327613.105151515861508, 3355007.534026214387268 ], [ 327609.688919772277586, 3354982.884698133915663 ], [ 327605.955739340453874, 3354958.250068867579103 ], [ 327601.975439133006148, 3354933.628741515800357 ], [ 327597.81784806214273, 3354909.019319174345583 ], [ 327593.552795040595811, 3354884.420404945034534 ], [ 327589.250108980748337, 3354859.830601925496012 ], [ 327584.979618795157876, 3354835.248513215221465 ], [ 327580.811153396265581, 3354810.672741912305355 ], [ 327576.814541696570814, 3354786.101891116704792 ], [ 327573.059532770654187, 3354761.534566268324852 ], [ 327569.58855147275608, 3354736.970174483954906 ], [ 327566.376925861404743, 3354712.410091454163194 ], [ 327563.389871860970743, 3354687.855989554431289 ], [ 327560.592605396115687, 3354663.309541157912463 ], [ 327557.95034239126835, 3354638.772418641019613 ], [ 327555.42829877109034, 3354614.24629437783733 ], [ 327552.991690459952224, 3354589.732840741984546 ], [ 327550.605733382515609, 3354565.233730108942837 ], [ 327548.235643463209271, 3354540.750634853728116 ], [ 327545.846636626636609, 3354516.285227351356298 ], [ 327543.403928797226399, 3354491.839179974514991 ], [ 327540.87273589958204, 3354467.414165098685771 ], [ 327538.218273858248722, 3354443.011855099350214 ], [ 327535.405758597713429, 3354418.63392235012725 ], [ 327532.400406042521354, 3354394.282039226498455 ], [ 327529.167432117101271, 3354369.957878102082759 ], [ 327525.672052746114787, 3354345.6631113528274 ], [ 327521.914231178932823, 3354321.395988124422729 ], [ 327518.036087162909098, 3354297.140752628911287 ], [ 327514.216089329333045, 3354272.87806807179004 ], [ 327510.632706324220635, 3354248.588597650174052 ], [ 327507.464406793878879, 3354224.253004569094628 ], [ 327504.889659384498373, 3354199.851952027063817 ], [ 327503.086932742327917, 3354175.366103227250278 ], [ 327502.234695513499901, 3354150.776121369563043 ], [ 327502.509626034006942, 3354126.063777619041502 ], [ 327504.010291082668118, 3354101.259183742571622 ], [ 327506.728568123653531, 3354076.458477915730327 ], [ 327510.648654021963011, 3354051.762551583815366 ], [ 327515.754745642538182, 3354027.272296186536551 ], [ 327522.031039850320667, 3354003.088603165466338 ], [ 327529.461733510426711, 3353979.312363963574171 ], [ 327538.031023487914354, 3353956.044470021501184 ], [ 327547.723106647434179, 3353933.385812780819833 ], [ 327558.518794152070768, 3353911.431079016067088 ], [ 327570.343982672144193, 3353890.174318737816066 ], [ 327583.080008249846287, 3353869.527919766493142 ], [ 327596.60692037496483, 3353849.401912176515907 ], [ 327610.804768536763731, 3353829.706326042301953 ], [ 327625.553602224856149, 3353810.35119143826887 ], [ 327640.73347092885524, 3353791.246538439299911 ], [ 327656.224424138199538, 3353772.302397118881345 ], [ 327671.906511342443991, 3353753.428797553293407 ], [ 327687.65978203114355, 3353734.535769815091044 ], [ 327703.364285693678539, 3353715.533343978226185 ], [ 327718.900071819720324, 3353696.331550118979067 ], [ 327734.14722761005396, 3353676.840544032864273 ], [ 327748.993750099733006, 3353656.996851372532547 ], [ 327763.345242672599852, 3353636.795693949330598 ], [ 327777.109684542519972, 3353616.240214130375534 ], [ 327790.195054923417047, 3353595.33355428557843 ], [ 327802.509333029389381, 3353574.078856782522053 ], [ 327813.960498074186035, 3353552.479263989720494 ], [ 327824.456529271788895, 3353530.537918275222182 ], [ 327833.90540583623806, 3353508.257962008938193 ], [ 327842.215106981282588, 3353485.642537557519972 ], [ 327849.293611921020783, 3353462.694787291344255 ], [ 327855.04889986931812, 3353439.417853577528149 ], [ 327859.38895004009828, 3353415.814878785051405 ], [ 327862.221741647284944, 3353391.889005281496793 ], [ 327863.46673732821364, 3353367.651126026641577 ], [ 327863.132815302466042, 3353343.172483884263784 ], [ 327861.270780738559552, 3353318.552619779948145 ], [ 327857.931679633271415, 3353293.891237181611359 ], [ 327853.166557983553503, 3353269.288039557635784 ], [ 327847.026461786474101, 3353244.842730377800763 ], [ 327839.562437038810458, 3353220.655013108626008 ], [ 327830.825529737630859, 3353196.824591220356524 ], [ 327820.866785879654344, 3353173.451168180443347 ], [ 327809.737251462123822, 3353150.634447457734495 ], [ 327797.487972481700126, 3353128.474132521077991 ], [ 327784.169994935509749, 3353107.069926838390529 ], [ 327769.83436482027173, 3353086.52153387805447 ], [ 327754.532128133112565, 3353066.928657109849155 ], [ 327738.314330871333368, 3353048.390999993309379 ], [ 327721.234835193201434, 3353030.975800512824208 ], [ 327703.35856777644949, 3353014.622741792816669 ], [ 327684.75317228428321, 3352999.240184798371047 ], [ 327665.486292379675433, 3352984.73649049224332 ], [ 327645.625571726122871, 3352971.020019840449095 ], [ 327625.23865398648195, 3352957.999133806210011 ], [ 327604.393182824074756, 3352945.582193355541676 ], [ 327583.156801902048755, 3352933.677559452131391 ], [ 327561.597154883493204, 3352922.193593060597777 ], [ 327539.781885431613773, 3352911.03865514555946 ], [ 327517.778637209674343, 3352900.121106672566384 ], [ 327495.655053880647756, 3352889.349308603443205 ], [ 327473.477228327654302, 3352878.633943490684032 ], [ 327451.274513399344869, 3352867.940695324447006 ], [ 327429.038916247023735, 3352857.291156238876283 ], [ 327406.760772098961752, 3352846.7094213119708 ], [ 327384.430416183487978, 3352836.219585618935525 ], [ 327362.038183728582226, 3352825.84574423963204 ], [ 327339.574409962340724, 3352815.611992247868329 ], [ 327317.029430113325361, 3352805.542424723040313 ], [ 327294.393579409457743, 3352795.66113674081862 ], [ 327271.657193079008721, 3352785.992223377805203 ], [ 327248.810606350074522, 3352776.559779711533338 ], [ 327225.844154451158829, 3352767.38790082000196 ], [ 327202.748172610183246, 3352758.500681778416038 ], [ 327179.512996055476833, 3352749.922217665240169 ], [ 327156.128960015135817, 3352741.676603555679321 ], [ 327132.586424138164148, 3352733.787881013471633 ], [ 327108.88672782399226, 3352726.25603100284934 ], [ 327085.059467576502357, 3352719.01911297114566 ], [ 327061.138723333890084, 3352712.005361543036997 ], [ 327037.158575034176465, 3352705.143011342734098 ], [ 327013.15310261544073, 3352698.360296993050724 ], [ 326989.156386015820317, 3352691.585453119594604 ], [ 326965.202505173510872, 3352684.746714346110821 ], [ 326941.32554002647521, 3352677.772315297275782 ], [ 326917.559570512967184, 3352670.590490595903248 ], [ 326893.938676570891403, 3352663.129474868066609 ], [ 326870.496938138501719, 3352655.317502735648304 ], [ 326847.268435153819155, 3352647.082808824256063 ], [ 326824.287247555039357, 3352638.353627759031951 ], [ 326801.587455280241556, 3352629.058194164186716 ], [ 326779.203138267504983, 3352619.124742660671473 ], [ 326757.168376454967074, 3352608.481507876422256 ], [ 326735.516465478518512, 3352597.059365772642195 ], [ 326714.263314171577804, 3352584.8477468569763 ], [ 326693.407799330481794, 3352571.893441413063556 ], [ 326672.948084411851596, 3352558.245642077643424 ], [ 326652.882332872715779, 3352543.953541489783674 ], [ 326633.208708169870079, 3352529.066332287620753 ], [ 326613.925373760110233, 3352513.633207108825445 ], [ 326595.030493100290187, 3352497.703358590137213 ], [ 326576.522229647322092, 3352481.325979373417795 ], [ 326558.398746857943479, 3352464.550262091681361 ], [ 326540.658208188950084, 3352447.425399387720972 ], [ 326523.298777097486891, 3352430.000583896413445 ], [ 326506.318416597903706, 3352412.324884940404445 ], [ 326489.699455202498939, 3352394.437753191683441 ], [ 326473.397648235724773, 3352376.362290972378105 ], [ 326457.366167986707296, 3352358.120011472608894 ], [ 326441.558186744630802, 3352339.732427882496268 ], [ 326425.926876798504964, 3352321.221053392626345 ], [ 326410.425410437514074, 3352302.607401193119586 ], [ 326395.006959950726014, 3352283.912984473630786 ], [ 326379.624697627208661, 3352265.159316424280405 ], [ 326364.231795756088104, 3352246.367910235188901 ], [ 326348.781426626490429, 3352227.560279096476734 ], [ 326333.226762527541723, 3352208.757936199195683 ], [ 326317.521041673840955, 3352189.982352263759822 ], [ 326301.681335997069255, 3352171.213877733331174 ], [ 326285.907714040426072, 3352152.314980642404407 ], [ 326270.432830958568957, 3352133.127137448638678 ], [ 326255.489341905224137, 3352113.491824606433511 ], [ 326241.309902034525294, 3352093.250518573448062 ], [ 326228.12716648291098, 3352072.244695830624551 ], [ 326216.139527254912537, 3352050.367317945696414 ], [ 326205.411619102407712, 3352027.712335210293531 ], [ 326195.975441568356473, 3352004.422736819833517 ], [ 326187.862994195893407, 3351980.641511972993612 ], [ 326181.10627652797848, 3351956.511649864725769 ], [ 326175.737288107979111, 3351932.176139693241566 ], [ 326171.787992597091943, 3351907.777913831174374 ], [ 326169.271728568011895, 3351883.430409511551261 ], [ 326168.152798930066638, 3351859.169409913476557 ], [ 326168.38753217656631, 3351835.018069733399898 ], [ 326169.932256800937466, 3351810.999543671961874 ], [ 326172.743301296432037, 3351787.136986426543444 ], [ 326176.776994156534784, 3351763.453552699182183 ], [ 326181.98966387467226, 3351739.972397186793387 ], [ 326188.337638944154605, 3351716.716674589086324 ], [ 326195.777247858350165, 3351693.709539605304599 ], [ 326204.264819110627286, 3351670.974146934226155 ], [ 326213.756681194296107, 3351648.533651274628937 ], [ 326224.209162602841388, 3351626.411207327619195 ], [ 326235.578591829631478, 3351604.629969789646566 ], [ 326247.821297367918305, 3351583.213093361351639 ], [ 326260.893607711186633, 3351562.183732742443681 ], [ 326274.751851352804806, 3351541.565042630303651 ], [ 326289.35235678619938, 3351521.380177725106478 ], [ 326304.651452504505869, 3351501.652292724698782 ], [ 326320.605467001325451, 3351482.404542330186814 ], [ 326337.170728769851848, 3351463.660081239417195 ], [ 326354.303566303744446, 3351445.442064152564853 ], [ 326371.96030809613876, 3351427.773645767010748 ], [ 326390.097282640519552, 3351410.677980784326792 ], [ 326408.670818430138752, 3351394.178223900962621 ], [ 326427.637243958422914, 3351378.297529817558825 ], [ 326446.952887718798593, 3351363.059053232893348 ], [ 326466.574078204634134, 3351348.485948846675456 ], [ 326486.458277450932655, 3351334.599361314903945 ], [ 326506.585263586661313, 3351321.380863517988473 ], [ 326526.955224686826114, 3351308.775836609303951 ], [ 326547.569100185413845, 3351296.728329401928931 ], [ 326568.427829516411293, 3351285.182390709407628 ], [ 326589.532352114270907, 3351274.08206934761256 ], [ 326610.883607412804849, 3351263.371414129156619 ], [ 326632.482534846349154, 3351252.994473869446665 ], [ 326654.330073848832399, 3351242.895297381561249 ], [ 326676.427163854474202, 3351233.017933479044586 ], [ 326698.774744297435973, 3351223.306430977769196 ], [ 326721.373754611762706, 3351213.704838690813631 ], [ 326744.225134231499396, 3351204.157205432187766 ], [ 326767.329822590807453, 3351194.607580014970154 ], [ 326790.671838048670907, 3351184.994928181637079 ], [ 326814.132296966912691, 3351175.227304010652006 ], [ 326837.553630890673958, 3351165.201140700373799 ], [ 326860.778201721725054, 3351154.81285053351894 ], [ 326883.648371362069156, 3351143.958845786750317 ], [ 326906.006501713301986, 3351132.535538738593459 ], [ 326927.694954677426722, 3351120.439341668970883 ], [ 326948.556092156271916, 3351107.566666856408119 ], [ 326968.432276051607914, 3351093.813926580362022 ], [ 326987.165868265205063, 3351079.077533118892461 ], [ 327004.599230699182954, 3351063.253898752387613 ], [ 327020.574725255020894, 3351046.239435757510364 ], [ 327034.935769992531277, 3351027.931834000628442 ], [ 327047.596321473596618, 3351008.314110490959138 ], [ 327058.584005392563995, 3350987.506782505661249 ], [ 327067.936750188004225, 3350965.642830073367804 ], [ 327075.692484298837371, 3350942.855233221314847 ], [ 327081.889136163285002, 3350919.276971976272762 ], [ 327086.56463422026718, 3350895.041026367805898 ], [ 327089.756906908121891, 3350870.280376420356333 ], [ 327091.503882665478159, 3350845.128002163954079 ], [ 327091.843489931139629, 3350819.716883626300842 ], [ 327090.813657143560704, 3350794.180000833235681 ], [ 327088.452312741312198, 3350768.65033381478861 ], [ 327084.797385163081344, 3350743.260862595401704 ], [ 327079.886802847438958, 3350718.144567205570638 ], [ 327073.75849423307227, 3350693.434427671134472 ], [ 327066.450387758435681, 3350669.263424020260572 ], [ 327058.000411862158217, 3350645.764536280650645 ], [ 327048.454662270203698, 3350623.050691891461611 ], [ 327037.922683209704701, 3350601.079037454910576 ], [ 327026.543711306760088, 3350579.733817833475769 ], [ 327014.457152334274724, 3350558.898862592875957 ], [ 327001.802412064920645, 3350538.458001296501607 ], [ 326988.718896271602716, 3350518.295063511002809 ], [ 326975.346010727167595, 3350498.293878803495318 ], [ 326961.823161204287317, 3350478.338276735041291 ], [ 326948.289753475866746, 3350458.312086873222142 ], [ 326934.885193314927164, 3350438.099138783756644 ], [ 326921.748886493907776, 3350417.583262030500919 ], [ 326909.020238785771653, 3350396.648286178242415 ], [ 326896.838640611909796, 3350375.178103245329112 ], [ 326885.332056323532015, 3350353.103086087852716 ], [ 326874.596771249256562, 3350330.482476708479226 ], [ 326864.723625518148765, 3350307.397667979821563 ], [ 326855.803459259681404, 3350283.930052779614925 ], [ 326847.927112603385467, 3350260.161023982334882 ], [ 326841.18542567838449, 3350236.171974462922662 ], [ 326835.669238614034839, 3350212.044297095853835 ], [ 326831.469391540042125, 3350187.859384757932276 ], [ 326828.676724585355259, 3350163.698630322236568 ], [ 326827.382077879621647, 3350139.643426665570587 ], [ 326827.676291552081238, 3350115.775166663806885 ], [ 326829.650205732090399, 3350092.175243190489709 ], [ 326833.394660549063701, 3350068.925049121491611 ], [ 326839.000496132415719, 3350046.105977332219481 ], [ 326846.558552611328196, 3350023.799420698080212 ], [ 326856.154947689850815, 3350002.087048141285777 ], [ 326867.76190311415121, 3349981.05718637118116 ], [ 326881.2347316412488, 3349960.804996001534164 ], [ 326896.423420867999084, 3349941.425948929041624 ], [ 326913.177958391257562, 3349923.015517049934715 ], [ 326931.348331807763316, 3349905.669172261841595 ], [ 326950.784528714430053, 3349889.482386460993439 ], [ 326971.336536708171479, 3349874.550631545484066 ], [ 326992.854343385610264, 3349860.969379411544651 ], [ 327015.18793634371832, 3349848.834101954940706 ], [ 327038.187303179234732, 3349838.240271073300391 ], [ 327061.702431489014998, 3349829.283358663320541 ], [ 327085.583308869914617, 3349822.058836622629315 ], [ 327109.679949318699073, 3349816.662131830584258 ], [ 327133.870520970784128, 3349813.140663099009544 ], [ 327158.114832463441417, 3349811.402636923827231 ], [ 327182.387406272173394, 3349811.331169960554689 ], [ 327206.662764871958643, 3349812.809378860983998 ], [ 327230.915430738299619, 3349815.720380279235542 ], [ 327255.119926346116699, 3349819.947290869429708 ], [ 327279.250774170854129, 3349825.373227284755558 ], [ 327303.282496687665116, 3349831.881306177936494 ], [ 327327.189616371819284, 3349839.354644204024225 ], [ 327350.946655698411632, 3349847.676358015276492 ], [ 327374.528137142886408, 3349856.72956426627934 ], [ 327397.908583180455025, 3349866.397379610221833 ], [ 327421.062516286154278, 3349876.562920699361712 ], [ 327443.964458935311995, 3349887.109304189216346 ], [ 327466.588933603197802, 3349897.919646732509136 ], [ 327488.910462764964905, 3349908.877064981497824 ], [ 327510.910797986143734, 3349919.881583473179489 ], [ 327532.61376330954954, 3349930.931628663092852 ], [ 327554.058362728799693, 3349942.061130895279348 ], [ 327575.283620684815105, 3349953.304068337194622 ], [ 327596.328561617992818, 3349964.694419154431671 ], [ 327617.232209968846291, 3349976.266161512583494 ], [ 327638.033590178238228, 3349988.053273579105735 ], [ 327658.771726686798502, 3350000.089733520057052 ], [ 327679.485643934924155, 3350012.409519500564784 ], [ 327700.214366363419686, 3350025.046609687618911 ], [ 327720.99691841279855, 3350038.034982247278094 ], [ 327741.87232452374883, 3350051.408615345135331 ], [ 327762.879400547244586, 3350065.200393494218588 ], [ 327784.039815421914682, 3350079.353298438712955 ], [ 327805.345587035699282, 3350093.654848857782781 ], [ 327826.785786221036687, 3350107.877111759502441 ], [ 327848.349483810539823, 3350121.792154152411968 ], [ 327870.025750636530574, 3350135.172043043654412 ], [ 327891.803657531738281, 3350147.788845443632454 ], [ 327913.672275328601245, 3350159.414628359954804 ], [ 327935.620674859674182, 3350169.821458801627159 ], [ 327957.637926957453601, 3350178.781403777655214 ], [ 327979.713102454494219, 3350186.066530295647681 ], [ 328001.835272183350753, 3350191.448905365541577 ], [ 328023.993506976461504, 3350194.700595994479954 ], [ 328046.176877666439395, 3350195.593669191002846 ], [ 328068.374275507987477, 3350193.900760057382286 ], [ 328090.538223673414905, 3350189.509553940501064 ], [ 328112.54092384444084, 3350182.561832807026803 ], [ 328134.243835715868045, 3350173.233360849320889 ], [ 328155.508418982848525, 3350161.699902259279042 ], [ 328176.196133339719381, 3350148.137221226934344 ], [ 328196.16843848163262, 3350132.721081942785531 ], [ 328215.286794103158172, 3350115.627248598728329 ], [ 328233.412659899098799, 3350097.031485384795815 ], [ 328250.407495564373676, 3350077.109556492883712 ], [ 328266.132760793727357, 3350056.037226112559438 ], [ 328280.449915281962603, 3350033.990258436650038 ], [ 328293.220418723765761, 3350011.144417654722929 ], [ 328304.305730814056005, 3349987.675467958673835 ], [ 328313.567311295482796, 3349963.75917351571843 ], [ 328320.898995933355764, 3349939.555778414942324 ], [ 328326.319725845300127, 3349915.165555051062256 ], [ 328329.878655906650238, 3349890.674292263574898 ], [ 328331.624940992391203, 3349866.167778892908245 ], [ 328331.60773597744992, 3349841.731803776230663 ], [ 328329.876195737393573, 3349817.452155754901469 ], [ 328326.479475147032645, 3349793.414623667020351 ], [ 328321.46672908164328, 3349769.704996353480965 ], [ 328314.887112416501623, 3349746.409062653314322 ], [ 328306.789780026476365, 3349723.612611405551434 ], [ 328297.22388678684365, 3349701.401431449688971 ], [ 328286.238587572821416, 3349679.861311625223607 ], [ 328273.883037259511184, 3349659.078040772583336 ], [ 328260.206390721956268, 3349639.137407729402184 ], [ 328245.257802835549228, 3349620.125201338436455 ], [ 328229.090363303723279, 3349602.118884253781289 ], [ 328211.81327263644198, 3349585.077187460381538 ], [ 328193.577553257287946, 3349568.870345874689519 ], [ 328174.535227030632086, 3349553.36647957097739 ], [ 328154.838315820728894, 3349538.433708628173918 ], [ 328134.638841491832864, 3349523.940153121482581 ], [ 328114.088825908198487, 3349509.753933127969503 ], [ 328093.340290934371296, 3349495.743168724235147 ], [ 328072.545258434314746, 3349481.775979986414313 ], [ 328051.855750272632577, 3349467.720486992504448 ], [ 328031.423788313404657, 3349453.444809817243367 ], [ 328011.401394421118312, 3349438.817068539559841 ], [ 327991.939366389997303, 3349423.706479958258569 ], [ 327973.123496058222372, 3349408.040503916330636 ], [ 327954.943389882682823, 3349391.832778969779611 ], [ 327937.380892721819691, 3349375.103897789493203 ], [ 327920.41784943419043, 3349357.874453046359122 ], [ 327904.036104878468905, 3349340.165037413593382 ], [ 327888.217503913270775, 3349321.99624356161803 ], [ 327872.943891397153493, 3349303.38866416271776 ], [ 327858.197112188558094, 3349284.36289188824594 ], [ 327843.959011146333069, 3349264.939519411418587 ], [ 327830.211433128919452, 3349245.139139402192086 ], [ 327816.93622299504932, 3349224.982344534248114 ], [ 327804.115225602057762, 3349204.489727477543056 ], [ 327791.728315753920469, 3349183.682020320091397 ], [ 327779.747676458733622, 3349162.580499486066401 ], [ 327768.143613760417793, 3349141.206574226263911 ], [ 327756.886433702602517, 3349119.581653790548444 ], [ 327745.946442328975536, 3349097.727147431578487 ], [ 327735.293945683049969, 3349075.664464398752898 ], [ 327724.899249808921013, 3349053.415013945195824 ], [ 327714.732660749810748, 3349031.0002053193748 ], [ 327704.764484549697954, 3349008.441447774879634 ], [ 327694.965027252212167, 3348985.760150561574847 ], [ 327685.304594901099335, 3348962.9777229311876 ], [ 327675.753493539872579, 3348940.115574134513736 ], [ 327666.283007013087627, 3348917.194990557618439 ], [ 327656.96548496268224, 3348894.224559313617647 ], [ 327648.060907884500921, 3348871.189291033893824 ], [ 327639.849653261073399, 3348848.071633395273238 ], [ 327632.612098574871197, 3348824.854034076910466 ], [ 327626.628621308191214, 3348801.518940755166113 ], [ 327622.179598943504971, 3348778.048801107797772 ], [ 327619.54540896351682, 3348754.426062814425677 ], [ 327619.004782836243976, 3348730.633330910932273 ], [ 327620.646391195594333, 3348706.671380331274122 ], [ 327624.194577774731442, 3348682.575815825723112 ], [ 327629.332489614083897, 3348658.386180557776242 ], [ 327635.743273754487745, 3348634.142017696984112 ], [ 327643.110077236487996, 3348609.882870409172028 ], [ 327651.116047101037111, 3348585.648281862493604 ], [ 327659.444330388563685, 3348561.477795223705471 ], [ 327667.778074139903765, 3348537.410953660029918 ], [ 327675.809125719824806, 3348513.487169947940856 ], [ 327683.469519079371821, 3348489.742257171776146 ], [ 327690.956106893368997, 3348466.208059565164149 ], [ 327698.479383312514983, 3348442.916216916404665 ], [ 327706.249842487508431, 3348419.898369011934847 ], [ 327714.477978568873368, 3348397.186155640520155 ], [ 327723.374285707308445, 3348374.811216588597745 ], [ 327733.14925805357052, 3348352.805191644933075 ], [ 327743.983846625313163, 3348331.189410681836307 ], [ 327755.699539381253999, 3348309.859758741687983 ], [ 327767.878069781290833, 3348288.628451731055975 ], [ 327780.096807767287828, 3348267.306182781234384 ], [ 327791.933123281574808, 3348245.703645029105246 ], [ 327802.964386266132351, 3348223.631531605031341 ], [ 327812.770658253750298, 3348200.9026356828399 ], [ 327821.087859374529216, 3348177.451354757882655 ], [ 327827.890303966298234, 3348153.398086756467819 ], [ 327833.172445422154851, 3348128.878942540381104 ], [ 327836.928737135720439, 3348104.030032975133508 ], [ 327839.153632500034291, 3348078.987468919716775 ], [ 327839.841584908717778, 3348053.887361240107566 ], [ 327838.987047754984815, 3348028.865820796694607 ], [ 327836.58447443228215, 3348004.058958454523236 ], [ 327832.628318333765492, 3347979.60288507444784 ], [ 327827.113032853056211, 3347955.633711521979421 ], [ 327820.033071383135393, 3347932.28754865610972 ], [ 327811.382887317740824, 3347909.700507342815399 ], [ 327801.156934049853589, 3347888.008698442950845 ], [ 327789.349664973211475, 3347867.348232821095735 ], [ 327775.955533480795566, 3347847.855221338104457 ], [ 327760.969675726199057, 3347829.664774063974619 ], [ 327744.437168975535315, 3347812.838797043077648 ], [ 327726.486155396152753, 3347797.317439222708344 ], [ 327707.252627099689562, 3347783.029343044850975 ], [ 327686.872576197842136, 3347769.903150958474725 ], [ 327665.481994801957626, 3347757.8675054050982 ], [ 327643.216875023848843, 3347746.851048830430955 ], [ 327620.21320897503756, 3347736.782423679716885 ], [ 327596.60698876704555, 3347727.590272397268564 ], [ 327572.534206511685625, 3347719.203237427398562 ], [ 327548.130854320072103, 3347711.549961214885116 ], [ 327523.532924304308835, 3347704.559086205437779 ], [ 327498.876408575859386, 3347698.159254844300449 ], [ 327474.297299246012699, 3347692.279109573923051 ], [ 327449.927131989854388, 3347686.849475311581045 ], [ 327425.797982829564717, 3347681.849885787349194 ], [ 327401.844127407530323, 3347677.307770944666117 ], [ 327377.995716813369654, 3347673.252580665051937 ], [ 327354.182902136759367, 3347669.713764825835824 ], [ 327330.335834467201494, 3347666.720773306209594 ], [ 327306.384664894256275, 3347664.303055986762047 ], [ 327282.25954450777499, 3347662.49006274715066 ], [ 327257.890624396910425, 3347661.31124346377328 ], [ 327233.224236700858455, 3347660.768954446073622 ], [ 327208.291385357500985, 3347660.723777405917645 ], [ 327183.150676997145638, 3347660.990076065063477 ], [ 327157.86073341651354, 3347661.382188753690571 ], [ 327132.480176412209403, 3347661.714453800115734 ], [ 327107.067627780837938, 3347661.801209529396147 ], [ 327081.681709319120273, 3347661.456794272176921 ], [ 327056.381042823777534, 3347660.495546358637512 ], [ 327031.224068878975231, 3347658.735173885710537 ], [ 327006.264936677995138, 3347656.073186398949474 ], [ 326981.553434266766999, 3347652.488192061893642 ], [ 326957.139154525706545, 3347647.962428269442171 ], [ 326933.071690335695166, 3347642.478132413234562 ], [ 326909.400634577556048, 3347636.017541890032589 ], [ 326886.175580131763127, 3347628.562894091010094 ], [ 326863.446119879256003, 3347620.096426411531866 ], [ 326841.261846700566821, 3347610.600376243237406 ], [ 326819.672353476576973, 3347600.056980981957167 ], [ 326798.727233088109642, 3347588.448478020727634 ], [ 326778.47607841558056, 3347575.757104753050953 ], [ 326758.968482339871116, 3347561.965098571963608 ], [ 326740.254037741804495, 3347547.054696873296052 ], [ 326722.382337502029259, 3347531.008137049153447 ], [ 326705.394104458740912, 3347513.824331985320896 ], [ 326689.293125785712618, 3347495.571632836014032 ], [ 326674.073576062975917, 3347476.336462230421603 ], [ 326659.729629848152399, 3347456.205242835916579 ], [ 326646.255461698980071, 3347435.264397320803255 ], [ 326633.645246173371561, 3347413.60034835524857 ], [ 326621.893157829006668, 3347391.299518608022481 ], [ 326610.993371223681606, 3347368.448330749291927 ], [ 326600.940060915076174, 3347345.133207445032895 ], [ 326591.727401460986584, 3347321.44057136727497 ], [ 326583.349567419150844, 3347297.456845182925463 ], [ 326575.800733347306959, 3347273.26845156121999 ], [ 326569.075073803367559, 3347248.961813172325492 ], [ 326563.166215025412384, 3347224.622589006554335 ], [ 326558.041526985121891, 3347200.299869318027049 ], [ 326553.631101933249738, 3347175.990825368557125 ], [ 326549.862194272864144, 3347151.688675967976451 ], [ 326546.662058407382574, 3347127.386639930773526 ], [ 326543.957948739989661, 3347103.077936066314578 ], [ 326541.677119673928246, 3347078.755783189088106 ], [ 326539.746825612499379, 3347054.413400110788643 ], [ 326538.094320958887693, 3347030.044005643576384 ], [ 326536.646860116336029, 3347005.640818599611521 ], [ 326535.331697488261852, 3346981.197057790588588 ], [ 326534.076087477849796, 3346956.7059420295991 ], [ 326532.807284488284495, 3346932.160690129268914 ], [ 326531.452542922866996, 3346907.554520900826901 ], [ 326529.939117184840143, 3346882.880653156898916 ], [ 326528.194261677388567, 3346858.132305707782507 ], [ 326526.145230803871527, 3346833.302697368897498 ], [ 326523.71919885155512, 3346808.385555608663708 ], [ 326520.83722717105411, 3346783.413418956566602 ], [ 326517.410063385905232, 3346758.484307846520096 ], [ 326513.347462095727678, 3346733.702547427266836 ], [ 326508.559177899733186, 3346709.172462842427194 ], [ 326502.954965397482738, 3346684.998379240278155 ], [ 326496.444579188537318, 3346661.284621768631041 ], [ 326488.937773872341495, 3346638.135515572503209 ], [ 326480.344304048398044, 3346615.655385800171643 ], [ 326470.573924316151533, 3346593.9485575966537 ], [ 326459.536389275104739, 3346573.119356111157686 ], [ 326447.141453524760436, 3346553.272106487303972 ], [ 326433.298871664679609, 3346534.511133875697851 ], [ 326417.918398294190411, 3346516.940763419959694 ], [ 326400.909788012853824, 3346500.665320267900825 ], [ 326382.182934002194088, 3346485.789020185824484 ], [ 326361.761272362724412, 3346472.326460688374937 ], [ 326339.987031084485352, 3346460.040620154701173 ], [ 326317.257971495273523, 3346448.650645074434578 ], [ 326293.971854923234787, 3346437.875681938137859 ], [ 326270.526442696165759, 3346427.434877234976739 ], [ 326247.319496142328717, 3346417.047377457842231 ], [ 326224.682790131657384, 3346406.477768879849464 ], [ 326202.570806106028613, 3346395.750450674910098 ], [ 326180.804150924901478, 3346384.982011114712805 ], [ 326159.203272782382555, 3346374.289147735573351 ], [ 326137.588619872520212, 3346363.78855807101354 ], [ 326115.780640389304608, 3346353.596939656417817 ], [ 326093.599782526725903, 3346343.830990025773644 ], [ 326070.895734800898936, 3346334.575467096175998 ], [ 326047.819672488549259, 3346325.585810526274145 ], [ 326024.700459537270945, 3346316.423368114046752 ], [ 326001.86924982292112, 3346306.646986346226186 ], [ 325979.657197221065871, 3346295.815511702094227 ], [ 325958.395455607504118, 3346283.487790665123612 ], [ 325938.415178857918363, 3346269.22266971739009 ], [ 325920.04656551691005, 3346252.582061896566302 ], [ 325903.52769447787432, 3346233.423578907735646 ], [ 325888.929147029120941, 3346212.142489920835942 ], [ 325876.303762608964462, 3346189.191014401149005 ], [ 325865.704380655719433, 3346165.021371815353632 ], [ 325857.183840607467573, 3346140.085781628265977 ], [ 325850.794981902465224, 3346114.83646330749616 ], [ 325846.590643979143351, 3346089.725636318325996 ], [ 325844.590214741183445, 3346065.126113385893404 ], [ 325844.671893695369363, 3346041.07555637974292 ], [ 325846.676636989519466, 3346017.523219453170896 ], [ 325850.445400569413323, 3345994.418356281239539 ], [ 325855.81914038042305, 3345971.710220536682755 ], [ 325862.63881236827001, 3345949.34806589409709 ], [ 325870.745372478209902, 3345927.281146025285125 ], [ 325879.979776655964088, 3345905.458714607171714 ], [ 325890.182980846904684, 3345883.830025309696794 ], [ 325901.195940996753052, 3345862.344331809785217 ], [ 325912.859613050881308, 3345840.950887778308243 ], [ 325925.01495295483619, 3345819.598946890328079 ], [ 325937.502916654164437, 3345798.237762819044292 ], [ 325950.164460094296373, 3345776.816589238587767 ], [ 325962.841108283319045, 3345755.284931848291308 ], [ 325975.416657443682197, 3345733.611017383169383 ], [ 325987.845581492525525, 3345711.794374252669513 ], [ 326000.089079618570395, 3345689.83750934433192 ], [ 326012.108351010305341, 3345667.742929548025131 ], [ 326023.864594856451731, 3345645.513141755945981 ], [ 326035.319010345614515, 3345623.150652855634689 ], [ 326046.432796666282229, 3345600.657969736959785 ], [ 326057.167153007059824, 3345578.037599288858473 ], [ 326067.483278556668665, 3345555.292048402596265 ], [ 326077.342372503771912, 3345532.423823966179043 ], [ 326086.705634036799893, 3345509.435432870872319 ], [ 326095.534262344415765, 3345486.329382005613297 ], [ 326103.789456615224481, 3345463.108178258873522 ], [ 326111.432416037889197, 3345439.774328521918505 ], [ 326118.424339800898451, 3345416.330339683685452 ], [ 326124.726427093031816, 3345392.778718634042889 ], [ 326130.299877102777828, 3345369.121972262859344 ], [ 326135.105889018741436, 3345345.362607459072024 ], [ 326139.105662029585801, 3345321.503131112549454 ], [ 326142.260395323915873, 3345297.546050113160163 ], [ 326144.531288090278395, 3345273.493871350307018 ], [ 326145.879539517336525, 3345249.349101714789867 ], [ 326146.266348793695215, 3345225.114248094614595 ], [ 326145.652915107901208, 3345200.79181738011539 ], [ 326144.000437648617662, 3345176.384316461160779 ], [ 326141.270115604507737, 3345151.894252226687968 ], [ 326137.423148163943551, 3345127.324131566565484 ], [ 326132.420734515821096, 3345102.676461370661855 ], [ 326126.224073848570697, 3345077.953748528845608 ], [ 326118.779959047504235, 3345053.216325464658439 ], [ 326109.955858648347203, 3345028.842925012577325 ], [ 326099.592084868170787, 3345005.321282892487943 ], [ 326087.528926027705893, 3344983.139230738393962 ], [ 326073.606670448440127, 3344962.784600188490003 ], [ 326057.665606451104395, 3344944.745222877711058 ], [ 326039.549070874054451, 3344929.505627968814224 ], [ 326019.299304818443488, 3344917.334870650898665 ], [ 325997.276416631648317, 3344908.15765895601362 ], [ 325973.869007475092076, 3344901.867834505625069 ], [ 325949.465678510023281, 3344898.359238923992962 ], [ 325924.455030897865072, 3344897.525713836308569 ], [ 325899.225665799865965, 3344899.261100864969194 ], [ 325874.166184377332684, 3344903.459241634700447 ], [ 325849.66518779163016, 3344910.013977767899632 ], [ 325826.098482608969789, 3344918.817360638640821 ], [ 325803.691550862102304, 3344929.740407843142748 ], [ 325782.572131911641918, 3344942.640460581984371 ], [ 325762.866301627189387, 3344957.374627299141139 ], [ 325744.700135878403671, 3344973.800016435794532 ], [ 325728.199710534885526, 3344991.773736434057355 ], [ 325713.48919645010028, 3345011.152567719575018 ], [ 325700.561993998184334, 3345031.77077376563102 ], [ 325689.198725367023144, 3345053.425980452913791 ], [ 325679.160477719327901, 3345075.912449991330504 ], [ 325670.208338217693381, 3345099.024444587994367 ], [ 325662.103394024539739, 3345122.556226452346891 ], [ 325654.606732302578166, 3345146.302057791966945 ], [ 325647.479440214403439, 3345170.05620081583038 ], [ 325640.482604922668543, 3345193.612917731981725 ], [ 325633.376582331664395, 3345216.797371323220432 ], [ 325625.91783497837605, 3345239.599245382472873 ], [ 325617.861534793570172, 3345262.062760482542217 ], [ 325608.962852867261972, 3345284.232172735966742 ], [ 325598.976960289408453, 3345306.151738251559436 ], [ 325587.659028150199447, 3345327.865713137667626 ], [ 325574.764227539417334, 3345349.418353504501283 ], [ 325560.050156812474597, 3345370.850945345591754 ], [ 325543.46457762317732, 3345391.972081899642944 ], [ 325525.278936119342688, 3345412.194280834402889 ], [ 325505.796201721124817, 3345430.891486462205648 ], [ 325485.319343848095741, 3345447.437643093056977 ], [ 325464.151331920118537, 3345461.20669503742829 ], [ 325442.5944662913098, 3345471.574972812552005 ], [ 325420.870395973091945, 3345478.206447748467326 ], [ 325399.044297182757873, 3345481.323147140443325 ], [ 325377.163391294889152, 3345481.211133740376681 ], [ 325355.274899683543481, 3345478.156470296904445 ], [ 325333.426043723011389, 3345472.445219560991973 ], [ 325311.664044787990861, 3345464.363444285467267 ], [ 325290.036124252656009, 3345454.197207221295685 ], [ 325268.589503491471987, 3345442.232571118976921 ], [ 325247.371403878612909, 3345428.755598729941994 ], [ 325226.429046788543928, 3345414.052352804690599 ], [ 325205.809653595671989, 3345398.408896094653755 ], [ 325185.560445674404036, 3345382.11129135126248 ], [ 325165.728644398972392, 3345365.445601325016469 ], [ 325146.361467450682539, 3345348.697875555604696 ], [ 325127.48757090291474, 3345332.087760504335165 ], [ 325109.073917352710851, 3345315.61419779015705 ], [ 325091.074668327928521, 3345299.230333951301873 ], [ 325073.443985356483608, 3345282.889315520878881 ], [ 325056.136029966117349, 3345266.544289035256952 ], [ 325039.104963684862014, 3345250.148401032201946 ], [ 325022.304948040400632, 3345233.654798045288771 ], [ 325005.690144560823683, 3345217.016626611817628 ], [ 324989.214714773697779, 3345200.187033266294748 ], [ 324972.832820206996985, 3345183.119164545089006 ], [ 324956.498622388753574, 3345165.766166984569281 ], [ 324940.166282846592367, 3345148.081187119707465 ], [ 324923.805992912210058, 3345130.022144471760839 ], [ 324907.488669875427149, 3345111.576950404793024 ], [ 324891.324261785135604, 3345092.745137964840978 ], [ 324875.422802035929635, 3345073.526265604887158 ], [ 324859.894324022403453, 3345053.919891780707985 ], [ 324844.848861139616929, 3345033.925574948545545 ], [ 324830.396446782280691, 3345013.5428735637106 ], [ 324816.64711434498895, 3344992.77134608104825 ], [ 324803.710897222510539, 3344971.61055095680058 ], [ 324791.697828809730709, 3344950.06004664581269 ], [ 324780.717942501301877, 3344928.119391602929682 ], [ 324770.881271692109294, 3344905.788144285324961 ], [ 324762.297849776630756, 3344883.065863145980984 ], [ 324755.076487091486342, 3344859.952278676442802 ], [ 324749.236474694334902, 3344836.459713170304894 ], [ 324744.648177389171906, 3344812.621436913497746 ], [ 324741.16788184660254, 3344788.472700428683311 ], [ 324738.651874736940954, 3344764.048754236195236 ], [ 324736.956442730734125, 3344739.384848856832832 ], [ 324735.937872498529032, 3344714.516234813258052 ], [ 324735.452450710872654, 3344689.47816262813285 ], [ 324735.356464038020931, 3344664.305882818996906 ], [ 324735.50619915057905, 3344639.03464591037482 ], [ 324735.757942719152197, 3344613.699702423065901 ], [ 324735.96798141405452, 3344588.336302878335118 ], [ 324735.992601905832998, 3344562.979697796981782 ], [ 324735.688090864859987, 3344537.665137700270861 ], [ 324734.910734961740673, 3344512.427873110864311 ], [ 324733.516820867080241, 3344487.303154549561441 ], [ 324731.362635251076426, 3344462.32623253762722 ], [ 324728.30513177649118, 3344437.532313511241227 ], [ 324724.259354852722026, 3344412.952764444518834 ], [ 324719.242683571588714, 3344388.612188574392349 ], [ 324713.282912313123234, 3344364.534500750247389 ], [ 324706.40783545706654, 3344340.74361581960693 ], [ 324698.645247383508831, 3344317.263448629528284 ], [ 324690.022942472249269, 3344294.117914027534425 ], [ 324680.568715103378054, 3344271.330926862545311 ], [ 324670.310359656694345, 3344248.926401981152594 ], [ 324659.27567051211372, 3344226.928254233207554 ], [ 324647.492442049726378, 3344205.360398463904858 ], [ 324634.988468649273273, 3344184.246749522164464 ], [ 324621.791544690786395, 3344163.611222255975008 ], [ 324607.929464554123115, 3344143.477731512393802 ], [ 324593.430526403535623, 3344123.869217157829553 ], [ 324578.342577149043791, 3344104.770786029752344 ], [ 324562.738837481127121, 3344086.118438643403351 ], [ 324546.694221779238433, 3344067.84489769116044 ], [ 324530.283644422888756, 3344049.882885864470154 ], [ 324513.582019791472703, 3344032.165125856176019 ], [ 324496.664262264443096, 3344014.624340356327593 ], [ 324479.605286221310962, 3343997.193252059165388 ], [ 324462.480006041179877, 3343979.804583653341979 ], [ 324445.363336103793699, 3343962.391057831700891 ], [ 324428.330190788547043, 3343944.885397287085652 ], [ 324411.455484474659897, 3343927.220324710011482 ], [ 324394.814131541701499, 3343909.328562791459262 ], [ 324378.48067377373809, 3343891.143208275549114 ], [ 324362.499841329990886, 3343872.627285873983055 ], [ 324346.865266911278013, 3343853.795117179397494 ], [ 324331.565562024421524, 3343834.66606458183378 ], [ 324316.589338175603189, 3343815.259490464348346 ], [ 324301.925206871645059, 3343795.594757213722914 ], [ 324287.561779618787114, 3343775.691227213479578 ], [ 324273.487667923793197, 3343755.568262851797044 ], [ 324259.691483293019701, 3343735.245226512663066 ], [ 324246.161837232997641, 3343714.741480580531061 ], [ 324232.88734125031624, 3343694.076387443579733 ], [ 324219.856606851506513, 3343673.269309485796839 ], [ 324207.058245547814295, 3343652.339608799200505 ], [ 324194.480914660729468, 3343631.303845181129873 ], [ 324182.113429526565596, 3343610.168912317603827 ], [ 324169.944639527238905, 3343588.939621275290847 ], [ 324157.96339404466562, 3343567.620783119928092 ], [ 324146.158542460529134, 3343546.217208917718381 ], [ 324134.51893415680388, 3343524.733709735330194 ], [ 324123.033418515173253, 3343503.175096637103707 ], [ 324111.690844917611685, 3343481.546180689707398 ], [ 324100.48006274580257, 3343459.851772958878428 ], [ 324089.389921381545719, 3343438.096684510353953 ], [ 324078.40927020664094, 3343416.28572640940547 ], [ 324067.526958603120875, 3343394.423709723632783 ], [ 324056.731835952552501, 3343372.515445517376065 ], [ 324046.01275163696846, 3343350.565744857769459 ], [ 324035.358555038168561, 3343328.579418809618801 ], [ 324024.758095537836198, 3343306.561278439126909 ], [ 324014.200222517829388, 3343284.516134812030941 ], [ 324003.673785359947942, 3343262.448798994533718 ], [ 323993.167633446166292, 3343240.364082052838057 ], [ 323982.670616158226039, 3343218.266795051749796 ], [ 323972.171582877868786, 3343196.161749058403075 ], [ 323961.659382986952551, 3343174.053755138069391 ], [ 323951.122865867393557, 3343151.947624357417226 ], [ 323940.5508809008752, 3343129.848167780786753 ], [ 323929.932277469313703, 3343107.760196474846452 ], [ 323919.255904954450671, 3343085.688521504402161 ], [ 323908.51244834595127, 3343063.63721174467355 ], [ 323897.721981761220377, 3343041.598453126847744 ], [ 323886.928228828881402, 3343019.554869350511581 ], [ 323876.175583846576046, 3342997.488812942523509 ], [ 323865.508441111480352, 3342975.38263643020764 ], [ 323854.971194921410643, 3342953.218692340888083 ], [ 323844.608239573426545, 3342930.979333200957626 ], [ 323834.463969365286175, 3342908.64691153774038 ], [ 323824.582778594165575, 3342886.203779879026115 ], [ 323815.009061557706445, 3342863.632290750741959 ], [ 323805.787212553259451, 3342840.91479667974636 ], [ 323796.961625878408086, 3342818.033650195226073 ], [ 323788.576695830270182, 3342794.971203821245581 ], [ 323780.676816706662066, 3342771.709810087457299 ], [ 323773.306382804876193, 3342748.231821518857032 ], [ 323766.509508876770269, 3342724.520063649397343 ], [ 323760.319964513299055, 3342700.574866539333016 ], [ 323754.758375091361813, 3342676.418800918385386 ], [ 323749.84451654937584, 3342652.075874806381762 ], [ 323745.598164825933054, 3342627.57009622361511 ], [ 323742.039095859392546, 3342602.925473193172365 ], [ 323739.187085588404443, 3342578.166013735346496 ], [ 323737.061909951211419, 3342553.315725868567824 ], [ 323735.683344886463601, 3342528.398617616388947 ], [ 323735.071166332636494, 3342503.438696999568492 ], [ 323735.24515022826381, 3342478.459972037933767 ], [ 323736.225072511588223, 3342453.486450751312077 ], [ 323738.030709121318068, 3342428.542141163721681 ], [ 323740.68183599592885, 3342403.651051293127239 ], [ 323744.198229073779657, 3342378.837189162150025 ], [ 323748.599664293462411, 3342354.124562791083008 ], [ 323753.905917593394406, 3342329.537180201150477 ], [ 323760.134111211053096, 3342305.098460636567324 ], [ 323767.221025499457028, 3342280.813997919205576 ], [ 323775.010637051251251, 3342256.66879553720355 ], [ 323783.341760126058944, 3342232.646711612120271 ], [ 323792.053208983619697, 3342208.731604264117777 ], [ 323800.98379788355669, 3342184.907331616617739 ], [ 323809.972341085900553, 3342161.157751791644841 ], [ 323818.857652849925216, 3342137.466722909826785 ], [ 323827.478547435835935, 3342113.818103094119579 ], [ 323835.673839103081264, 3342090.19575046794489 ], [ 323843.282342111400794, 3342066.583523148670793 ], [ 323850.142870720475912, 3342042.9652792615816 ], [ 323856.094239190162625, 3342019.324876928236336 ], [ 323860.975261780200526, 3341995.646174269262701 ], [ 323864.624752750271, 3341971.913029408082366 ], [ 323866.881526359939016, 3341948.109300465323031 ], [ 323867.584396869235206, 3341924.218845563940704 ], [ 323866.572178537666332, 3341900.225522824563086 ], [ 323863.706695884233341, 3341876.134206178598106 ], [ 323858.992496077844407, 3341852.080121489707381 ], [ 323852.488771987205837, 3341828.248403820674866 ], [ 323844.254827320051845, 3341804.824289463926107 ], [ 323834.349965783942025, 3341781.993014711886644 ], [ 323822.833491086785216, 3341759.939815857913345 ], [ 323809.764706936315633, 3341738.849929195828736 ], [ 323795.202917040092871, 3341718.908591017127037 ], [ 323779.207425106142182, 3341700.30103761702776 ], [ 323761.83753484179033, 3341683.212505286559463 ], [ 323743.152549955004361, 3341667.828230320941657 ], [ 323723.211774153634906, 3341654.333449012134224 ], [ 323702.074511145241559, 3341642.913397653959692 ], [ 323679.813998186145909, 3341633.695617192890495 ], [ 323656.573911390150897, 3341626.515978865325451 ], [ 323632.520133992366027, 3341621.118399761151522 ], [ 323607.818557586579118, 3341617.246762359980494 ], [ 323582.63507376681082, 3341614.644949140958488 ], [ 323557.135574126907159, 3341613.056842583231628 ], [ 323531.485950260830577, 3341612.226325166411698 ], [ 323505.85209376248531, 3341611.897279370576143 ], [ 323480.382867348904256, 3341611.872033213730901 ], [ 323455.143116571067367, 3341612.241273644380271 ], [ 323430.171820723626297, 3341613.18446429958567 ], [ 323405.507951924984809, 3341614.881093449424952 ], [ 323381.190482293488458, 3341617.510649360250682 ], [ 323357.258383947715629, 3341621.25262030120939 ], [ 323333.750629006128293, 3341626.286494538653642 ], [ 323310.706189587130211, 3341632.791760338936001 ], [ 323288.163943301013205, 3341640.947555498220026 ], [ 323266.132041189586744, 3341650.819070951547474 ], [ 323244.543889729538932, 3341662.194313804153353 ], [ 323223.321747448528185, 3341674.819949943106622 ], [ 323202.387872874503955, 3341688.442645259667188 ], [ 323181.66452453500824, 3341702.809065639507025 ], [ 323161.073960958223324, 3341717.665876972023398 ], [ 323140.538440671516582, 3341732.759745145216584 ], [ 323119.98022220301209, 3341747.83733604894951 ], [ 323099.321564080193639, 3341762.645315568894148 ], [ 323078.484724831185304, 3341776.930349595844746 ], [ 323057.391962983587291, 3341790.43910401687026 ], [ 323035.965537065174431, 3341802.918244719970971 ], [ 323014.129557027539704, 3341814.118889630306512 ], [ 322991.862013014149852, 3341823.921719956211746 ], [ 322969.201917127647903, 3341832.354153679683805 ], [ 322946.191568189300597, 3341839.451512206811458 ], [ 322922.87326502049109, 3341845.249116945080459 ], [ 322899.289306442078669, 3341849.782289298716933 ], [ 322875.481991275621112, 3341853.086350675672293 ], [ 322851.493618342152331, 3341855.196622483432293 ], [ 322827.366486462880857, 3341856.148426126223058 ], [ 322803.142894459131639, 3341855.977083011064678 ], [ 322778.86514115211321, 3341854.717914545442909 ], [ 322754.57552536285948, 3341852.406242134515196 ], [ 322730.316345912637189, 3341849.07738718483597 ], [ 322706.129901622771285, 3341844.766671102959663 ], [ 322682.058491314412095, 3341839.509415295906365 ], [ 322658.144413808768149, 3341833.340941169764847 ], [ 322634.42995543347206, 3341826.296579726040363 ], [ 322610.944978964631446, 3341818.421204072423279 ], [ 322587.683617640112061, 3341809.787129946053028 ], [ 322564.63362081773812, 3341800.471576326526701 ], [ 322541.782737855159212, 3341790.551762191578746 ], [ 322519.118718109733891, 3341780.104906518477947 ], [ 322496.62931093928637, 3341769.208228287287056 ], [ 322474.302265701233409, 3341757.938946474343538 ], [ 322452.125331753166392, 3341746.374280059244484 ], [ 322430.086258452967741, 3341734.591448020655662 ], [ 322408.172795157937799, 3341722.667669335845858 ], [ 322386.372691225726157, 3341710.68016298301518 ], [ 322364.673696014098823, 3341698.706147940829396 ], [ 322343.063558880414348, 3341686.822843187488616 ], [ 322321.530029182380531, 3341675.107467701192945 ], [ 322300.06126982124988, 3341663.627564812079072 ], [ 322278.64907169440994, 3341652.3657938959077 ], [ 322257.287105939700268, 3341641.260822489857674 ], [ 322235.969059601833578, 3341630.250945951323956 ], [ 322214.688619725755416, 3341619.274459640029818 ], [ 322193.439473356178496, 3341608.269658914767206 ], [ 322172.215307538281195, 3341597.174839133396745 ], [ 322151.009809316601604, 3341585.928295654244721 ], [ 322129.816665736259893, 3341574.468323837500066 ], [ 322108.629563841910567, 3341562.733219040092081 ], [ 322087.442190678557381, 3341550.661276620812714 ], [ 322066.248233291029464, 3341538.190791938919574 ], [ 322045.041381966962945, 3341525.260061244945973 ], [ 322023.846079903945792, 3341511.815845890901983 ], [ 322002.79282248596428, 3341497.834099347237498 ], [ 321982.034949099994265, 3341483.297063163481653 ], [ 321961.725799132836983, 3341468.186978890094906 ], [ 321942.01871197175933, 3341452.486088078003377 ], [ 321923.067027003620751, 3341436.176632278133184 ], [ 321905.024083615164272, 3341419.240853038616478 ], [ 321888.043221193656791, 3341401.660991912707686 ], [ 321872.277779125899542, 3341383.419290448073298 ], [ 321857.881096798926592, 3341364.497990197967738 ], [ 321845.006513599713799, 3341344.879332711454481 ], [ 321833.807368915237021, 3341324.545559539459646 ], [ 321824.420322975260206, 3341303.485973189584911 ], [ 321816.847086790250614, 3341281.747005596756935 ], [ 321811.02399355097441, 3341259.402765755541623 ], [ 321806.886947408842389, 3341236.52754428749904 ], [ 321804.371852515439969, 3341213.195631817448884 ], [ 321803.414613022236153, 3341189.481318968348205 ], [ 321803.951133080641739, 3341165.458896362222731 ], [ 321805.917316842125729, 3341141.202654622960836 ], [ 321809.249068458331749, 3341116.786884373985231 ], [ 321813.882292080495972, 3341092.285876237321645 ], [ 321819.752891860262025, 3341067.773920837324113 ], [ 321826.796771949098911, 3341043.325308796018362 ], [ 321834.949836498592049, 3341019.014330738224089 ], [ 321844.147989659977611, 3340994.915277285501361 ], [ 321854.327135584724601, 3340971.102439060807228 ], [ 321865.423178424593061, 3340947.650106688961387 ], [ 321877.372022330877371, 3340924.632570791989565 ], [ 321890.118722950865049, 3340902.12774842325598 ], [ 321903.645385264477227, 3340880.228238044306636 ], [ 321917.943488761608023, 3340859.030352918896824 ], [ 321933.004512932617217, 3340838.63040631217882 ], [ 321948.819937267631758, 3340819.124711487907916 ], [ 321965.381241257186048, 3340800.609581711702049 ], [ 321982.679904391756281, 3340783.181330246385187 ], [ 322000.70740616164403, 3340766.936270358972251 ], [ 322019.455226057034452, 3340751.97071531182155 ], [ 322038.914843568403739, 3340738.38097837055102 ], [ 322059.077738186286297, 3340726.263372800312936 ], [ 322079.935389400750864, 3340715.714211863465607 ], [ 322101.474446184700355, 3340706.813248078338802 ], [ 322123.647712399018928, 3340699.524200766347349 ], [ 322146.393519215576816, 3340693.761171674821526 ], [ 322169.650143208156805, 3340689.43807537201792 ], [ 322193.355860950832721, 3340686.468826425727457 ], [ 322217.448949017503764, 3340684.767339401412755 ], [ 322241.867683982476592, 3340684.247528867796063 ], [ 322266.550342419417575, 3340684.823309392668307 ], [ 322291.435200902458746, 3340686.408595542889088 ], [ 322316.460536005499307, 3340688.91730188485235 ], [ 322341.564624302613083, 3340692.263342986814678 ], [ 322366.6857423678739, 3340696.360633417032659 ], [ 322391.762166775122751, 3340701.123087740968913 ], [ 322416.732174098491669, 3340706.464620527811348 ], [ 322441.534040911879856, 3340712.299146342556924 ], [ 322466.106043789361138, 3340718.540579755790532 ], [ 322490.386459304834716, 3340725.102835332974792 ], [ 322514.313564032374416, 3340731.899827640503645 ], [ 322537.841611624229699, 3340738.864207934588194 ], [ 322561.01902579003945, 3340746.039062862750143 ], [ 322583.928613909811247, 3340753.507801592815667 ], [ 322606.653233908989932, 3340761.353892569895834 ], [ 322629.275743712729309, 3340769.660804237704724 ], [ 322651.879001246299595, 3340778.512005039490759 ], [ 322674.545864435145631, 3340787.990963422693312 ], [ 322697.359191204304807, 3340798.18114782916382 ], [ 322720.395141082757618, 3340809.13363846950233 ], [ 322743.661538545158692, 3340820.569100398104638 ], [ 322767.126262599951588, 3340832.015053472947329 ], [ 322790.756690070498735, 3340842.996589376591146 ], [ 322814.520197780628223, 3340853.038799792528152 ], [ 322838.384162553818896, 3340861.666776402853429 ], [ 322862.315943368070293, 3340868.405965641606599 ], [ 322886.275549356883857, 3340872.927919919602573 ], [ 322910.204347277234774, 3340875.274779446423054 ], [ 322934.040792477841023, 3340875.546559692826122 ], [ 322957.723340307362378, 3340873.843276130966842 ], [ 322981.190446114516817, 3340870.264944228809327 ], [ 323004.380565248022322, 3340864.911579457577318 ], [ 323027.232153056480456, 3340857.883197286631912 ], [ 323049.683664888725616, 3340849.279813186731189 ], [ 323071.673556093301158, 3340839.201442628633231 ], [ 323093.140282019157894, 3340827.748101082630455 ], [ 323114.022298014606349, 3340815.019804017618299 ], [ 323134.25805942871375, 3340801.116566905751824 ], [ 323153.786021610023454, 3340786.138405215460807 ], [ 323172.544639907137025, 3340770.185334417968988 ], [ 323190.476068893622141, 3340753.356854069512337 ], [ 323207.593435945687816, 3340735.742565494030714 ], [ 323223.973788785631768, 3340717.423155352473259 ], [ 323239.696459024096839, 3340698.478991779033095 ], [ 323254.840778271958698, 3340678.990442912094295 ], [ 323269.486078140093014, 3340659.037876890040934 ], [ 323283.711690239259042, 3340638.701661849860102 ], [ 323297.596946180332452, 3340618.062165927607566 ], [ 323311.221177573897876, 3340597.199757261201739 ], [ 323324.663716030947398, 3340576.194803987629712 ], [ 323338.003893162298482, 3340555.127674244809896 ], [ 323351.321040578652173, 3340534.078736168798059 ], [ 323364.693974549008999, 3340513.127826428972185 ], [ 323378.168437129294034, 3340492.320672406349331 ], [ 323391.737627057533246, 3340471.648813804145902 ], [ 323405.390070439665578, 3340451.098971457686275 ], [ 323419.114293381862808, 3340430.657866206020117 ], [ 323432.898821990180295, 3340410.312218885868788 ], [ 323446.73218237090623, 3340390.048750334884971 ], [ 323460.602900629863143, 3340369.854181388858706 ], [ 323474.49950287345564, 3340349.715232887770981 ], [ 323488.410515207448043, 3340329.618625665083528 ], [ 323502.324463738361374, 3340309.551080560777336 ], [ 323516.229874571959954, 3340289.499318411573768 ], [ 323530.11527381464839, 3340269.450060055591166 ], [ 323543.969187572365627, 3340249.390026328153908 ], [ 323557.78014195128344, 3340229.305938068777323 ], [ 323571.53666305745719, 3340209.184516112785786 ], [ 323585.227276997058652, 3340189.012481299228966 ], [ 323598.840509876259603, 3340168.776554464362562 ], [ 323612.364887800998986, 3340148.463456444907933 ], [ 323625.788936877564993, 3340128.059908079449087 ], [ 323639.101183211954776, 3340107.552630204707384 ], [ 323652.290152910340112, 3340086.928343657869846 ], [ 323665.344372078718152, 3340066.173769276123494 ], [ 323678.252366823435295, 3340045.275627897121012 ], [ 323691.002663250430487, 3340024.220640358049423 ], [ 323703.581330034241546, 3340002.996050322894007 ], [ 323715.946096758183558, 3339981.595130695030093 ], [ 323728.036517663975246, 3339960.015021243132651 ], [ 323739.791848884022329, 3339938.252925161272287 ], [ 323751.151346550730523, 3339916.306045643985271 ], [ 323762.054266796156298, 3339894.171585880219936 ], [ 323772.439865752763581, 3339871.846749065443873 ], [ 323782.247399552958086, 3339849.32873839372769 ], [ 323791.416124329029117, 3339826.614757056813687 ], [ 323799.885296213149559, 3339803.702008247375488 ], [ 323807.594171337783337, 3339780.587695160880685 ], [ 323814.482005835161544, 3339757.269020987674594 ], [ 323820.488055837689899, 3339733.743188922293484 ], [ 323825.551577477657702, 3339710.007402157410979 ], [ 323829.621780205518007, 3339686.060084579512477 ], [ 323832.741835903958417, 3339661.91118380241096 ], [ 323835.006591315963306, 3339637.576984941959381 ], [ 323836.511429004603997, 3339613.073838824871927 ], [ 323837.351731534057762, 3339588.418096282053739 ], [ 323837.622881467279512, 3339563.62610813928768 ], [ 323837.420261368330102, 3339538.714225227944553 ], [ 323836.839253800688311, 3339513.698798376135528 ], [ 323835.975241327774711, 3339488.596178411506116 ], [ 323834.923606513359118, 3339463.422716164030135 ], [ 323833.77973192097852, 3339438.194762460887432 ], [ 323832.639000114228111, 3339412.928668133448809 ], [ 323831.596793656703085, 3339387.640784007962793 ], [ 323830.748495111882221, 3339362.347460913937539 ], [ 323830.189487043477129, 3339337.06504967994988 ], [ 323830.015152015083004, 3339311.80990113504231 ], [ 323830.320872590120416, 3339286.598366107326001 ], [ 323831.192849383223802, 3339261.448074120096862 ], [ 323832.66902779758675, 3339236.383374796248972 ], [ 323834.771556399122346, 3339211.430817655753344 ], [ 323837.522574687260203, 3339186.616953475866467 ], [ 323840.944222161429934, 3339161.968333039432764 ], [ 323845.058638321061153, 3339137.511507126968354 ], [ 323849.887962665525265, 3339113.273026518058032 ], [ 323855.454334694251884, 3339089.27944199508056 ], [ 323861.779893906670623, 3339065.557304336689413 ], [ 323868.886779801978264, 3339042.133164322935045 ], [ 323876.797131879953668, 3339019.033572737593204 ], [ 323885.5330896396772, 3338996.28508035838604 ], [ 323895.116792580694892, 3338973.914237966760993 ], [ 323905.570380202261731, 3338951.94759634276852 ], [ 323916.915992004040163, 3338930.411706268321723 ], [ 323929.17576748522697, 3338909.333118523471057 ], [ 323942.365012479305733, 3338888.736355445347726 ], [ 323956.44824195781257, 3338868.630863076075912 ], [ 323971.36709396057995, 3338849.01929687988013 ], [ 323987.06309618864907, 3338829.904279565904289 ], [ 324003.477776342770085, 3338811.288433845620602 ], [ 324020.552662124158815, 3338793.174382431432605 ], [ 324038.229281233390793, 3338775.564748032949865 ], [ 324056.449161371681839, 3338758.462153362110257 ], [ 324075.15383023978211, 3338741.869221128057688 ], [ 324094.284815538732801, 3338725.788574043661356 ], [ 324113.783644969400484, 3338710.222834818996489 ], [ 324133.591846232826356, 3338695.174626166466624 ], [ 324153.653131274215411, 3338680.647067421115935 ], [ 324173.946305293182377, 3338666.651257006451488 ], [ 324194.478476825868711, 3338653.204728615470231 ], [ 324215.257560955709778, 3338640.325199326500297 ], [ 324236.291472766257357, 3338628.030386213678867 ], [ 324257.588127341470681, 3338616.338006357196718 ], [ 324279.15543976490153, 3338605.265776831191033 ], [ 324301.001325120218098, 3338594.831414714921266 ], [ 324323.13369849085575, 3338585.052637083921582 ], [ 324345.560474960831925, 3338575.94716101558879 ], [ 324368.289569613581989, 3338567.532703586854041 ], [ 324391.328897532948758, 3338559.826981875114143 ], [ 324414.686373802425805, 3338552.847712956368923 ], [ 324438.369913505623117, 3338546.612613908946514 ], [ 324462.387431726325303, 3338541.139401807449758 ], [ 324486.736782613676041, 3338536.430829084478319 ], [ 324511.368687531910837, 3338532.419542806223035 ], [ 324536.220077390491497, 3338529.017678101547062 ], [ 324561.227881378494203, 3338526.137367538176477 ], [ 324586.329028684704099, 3338523.690743683837354 ], [ 324611.460448498139158, 3338521.589939108584076 ], [ 324636.559070007700939, 3338519.747086379677057 ], [ 324661.561822402116377, 3338518.074318065308034 ], [ 324686.406594817468431, 3338516.486005677841604 ], [ 324711.068629956338555, 3338514.983642712701112 ], [ 324735.571714754158165, 3338513.681945320684463 ], [ 324759.942882514442317, 3338512.703201354946941 ], [ 324784.209166540938895, 3338512.169698665849864 ], [ 324808.397600137453992, 3338512.203725107014179 ], [ 324832.535216607560869, 3338512.927568530198187 ], [ 324856.649049255123828, 3338514.463516787160188 ], [ 324880.766131383599713, 3338516.933857730589807 ], [ 324904.907858046819456, 3338520.444598662666976 ], [ 324929.0545179216424, 3338524.983051486313343 ], [ 324953.168194017955102, 3338530.48395890975371 ], [ 324977.210888046771288, 3338536.881828889250755 ], [ 325001.144601718930062, 3338544.111169385258108 ], [ 325024.931336745095905, 3338552.106488350778818 ], [ 325048.533094836340751, 3338560.802293745800853 ], [ 325071.91187770315446, 3338570.133093524258584 ], [ 325095.029687056667171, 3338580.033395645674318 ], [ 325117.848524607426953, 3338590.437708065379411 ], [ 325140.330392066563945, 3338601.280538741499186 ], [ 325162.437291144626215, 3338612.496395630761981 ], [ 325184.131223552627489, 3338624.019786688964814 ], [ 325205.374191001290455, 3338635.785219874698669 ], [ 325226.128195201570634, 3338647.727203143760562 ], [ 325246.40402245655423, 3338659.771301321685314 ], [ 325266.42750411783345, 3338671.803657441399992 ], [ 325286.483706888568122, 3338683.69955558469519 ], [ 325306.857699296204373, 3338695.334279497154057 ], [ 325327.834549868479371, 3338706.583112927153707 ], [ 325349.699327132897452, 3338717.32133961841464 ], [ 325372.680577224993613, 3338727.410923422779888 ], [ 325396.664603418379556, 3338736.63317626202479 ], [ 325421.409564156259876, 3338744.739211835432798 ], [ 325446.673393339791801, 3338751.480090923141688 ], [ 325472.2140248704236, 3338756.60687430948019 ], [ 325497.789392649312504, 3338759.870622775983065 ], [ 325523.157430578081403, 3338761.02239710604772 ], [ 325548.076072804862633, 3338759.813258700538427 ], [ 325572.33269254170591, 3338756.067941615357995 ], [ 325595.825317228329368, 3338749.888097368646413 ], [ 325618.47796822024975, 3338741.440428488422185 ], [ 325640.214666872867383, 3338730.8916375041008 ], [ 325660.959434541873634, 3338718.408426944632083 ], [ 325680.63629258266883, 3338704.157499335240573 ], [ 325699.169262351118959, 3338688.305557207204401 ], [ 325716.482365202449728, 3338671.019303088076413 ], [ 325732.499622492236085, 3338652.465439505409449 ], [ 325747.145055576169398, 3338632.810668988153338 ], [ 325760.3426858097082, 3338612.221694063860923 ], [ 325772.016534548427444, 3338590.86521726148203 ], [ 325782.090623147843871, 3338568.907941109035164 ], [ 325790.498311483301222, 3338546.508911736309528 ], [ 325797.27109155850485, 3338523.746719407849014 ], [ 325802.499142579326872, 3338500.651838343590498 ], [ 325806.273433647002093, 3338477.254095150623471 ], [ 325808.68493386276532, 3338453.583316436968744 ], [ 325809.824612328258809, 3338429.66932881064713 ], [ 325809.78343814436812, 3338405.541958878748119 ], [ 325808.65238041250268, 3338381.231033246964216 ], [ 325806.522408234130125, 3338356.766378524713218 ], [ 325803.484490710310638, 3338332.177821319084615 ], [ 325799.62959694257006, 3338307.495188236702234 ], [ 325795.048696032026783, 3338282.748305884655565 ], [ 325789.832757080090232, 3338257.967000871896744 ], [ 325784.072749187937006, 3338233.181099803652614 ], [ 325777.859641456976533, 3338208.420429288875312 ], [ 325771.284402988443617, 3338183.714815934654325 ], [ 325764.43800288363127, 3338159.094086348544806 ], [ 325757.410318889364135, 3338134.587574307341129 ], [ 325750.255572122347075, 3338110.208511891774833 ], [ 325742.985239592031576, 3338085.950828948523849 ], [ 325735.608274836500641, 3338061.807315780315548 ], [ 325728.133631393953692, 3338037.770762694999576 ], [ 325720.570262802822981, 3338013.833959997631609 ], [ 325712.927122601133306, 3337989.989697991870344 ], [ 325705.213164327316917, 3337966.230766986962408 ], [ 325697.437341519398615, 3337942.549957283772528 ], [ 325689.608607715636026, 3337918.940059189684689 ], [ 325681.735916454344988, 3337895.393863011617213 ], [ 325673.828221273666713, 3337871.90415905136615 ], [ 325665.894475711975247, 3337848.46373761864379 ], [ 325657.943633307295386, 3337825.065389014780521 ], [ 325649.984647597942967, 3337801.701903547625989 ], [ 325642.026472122175619, 3337778.36607152223587 ], [ 325634.078060418192763, 3337755.050683243200183 ], [ 325626.148366024252027, 3337731.748529016971588 ], [ 325618.246342478436418, 3337708.452399147674441 ], [ 325610.380943319119979, 3337685.155083941295743 ], [ 325602.561122084502131, 3337661.849373703822494 ], [ 325594.795832312840503, 3337638.528058740310371 ], [ 325587.094027542276308, 3337615.183929355349392 ], [ 325579.46466131095076, 3337591.809775854460895 ], [ 325571.91668715729611, 3337568.398388544097543 ], [ 325564.459058619511779, 3337544.942557729780674 ], [ 325557.100729235680774, 3337521.435073715168983 ], [ 325549.850652544177137, 3337497.868726807646453 ], [ 325542.717782083142083, 3337474.236307311337441 ], [ 325535.711071390658617, 3337450.530605531297624 ], [ 325528.839474005275406, 3337426.744411773979664 ], [ 325522.111943465017248, 3337402.870516343973577 ], [ 325515.537433308083564, 3337378.901709546800703 ], [ 325509.124897072790191, 3337354.83078168798238 ], [ 325502.883288297336549, 3337330.650523073971272 ], [ 325496.821560519980267, 3337306.353724007960409 ], [ 325490.948667278862558, 3337281.933174797333777 ], [ 325485.287511325674132, 3337257.385332725476474 ], [ 325479.985968779714312, 3337232.739508159458637 ], [ 325475.257806182780769, 3337208.042332786135375 ], [ 325471.317382377455942, 3337183.340593996457756 ], [ 325468.379056206031237, 3337158.681079181842506 ], [ 325466.657186510856263, 3337134.110575731378049 ], [ 325466.366132134571671, 3337109.675871040206403 ], [ 325467.720251919236034, 3337085.423752493225038 ], [ 325470.933841647696681, 3337061.401005891617388 ], [ 325476.128602801822126, 3337037.652075396385044 ], [ 325483.148167113540694, 3337014.214373019523919 ], [ 325491.784183571406174, 3336991.123996173497289 ], [ 325501.828301163448486, 3336968.41704226937145 ], [ 325513.072168878046796, 3336946.129608718212694 ], [ 325525.307435703754891, 3336924.297792933415622 ], [ 325538.325750628544483, 3336902.957692324649543 ], [ 325551.919074556266423, 3336882.145218092948198 ], [ 325565.929326265584677, 3336861.866456824354827 ], [ 325580.302833412133623, 3336842.065163498278707 ], [ 325594.999018570408225, 3336822.677275490947068 ], [ 325609.977304315252695, 3336803.638730179518461 ], [ 325625.197113221278414, 3336784.885464943014085 ], [ 325640.617867862922139, 3336766.353417154401541 ], [ 325656.198990814969875, 3336747.978524192236364 ], [ 325671.899904652149417, 3336729.696723433677107 ], [ 325687.680031948781107, 3336711.443952253554016 ], [ 325703.498795279709157, 3336693.156148028559983 ], [ 325719.315617219603155, 3336674.769248137250543 ], [ 325735.089920348720625, 3336656.219189988449216 ], [ 325750.783054103900213, 3336637.453219275455922 ], [ 325766.363746587594505, 3336618.46188540617004 ], [ 325781.802491855516564, 3336599.246101767290384 ], [ 325797.069783962971997, 3336579.80678174411878 ], [ 325812.136116965615656, 3336560.144838721025735 ], [ 325826.971984918811359, 3336540.261186083313078 ], [ 325841.547881878330372, 3336520.156737219542265 ], [ 325855.834301899420097, 3336499.832405511755496 ], [ 325869.801739037851803, 3336479.289104347117245 ], [ 325883.420687348989304, 3336458.527747111395001 ], [ 325896.661640888371039, 3336437.549247189890593 ], [ 325909.495093711768277, 3336416.354517968837172 ], [ 325921.89153987437021, 3336394.944472832605243 ], [ 325933.821473431889899, 3336373.320025166496634 ], [ 325945.255388439807575, 3336351.482088358607143 ], [ 325956.163778953661676, 3336329.431575791444629 ], [ 325966.517139028932434, 3336307.169400853104889 ], [ 325976.285962721332908, 3336284.696476927958429 ], [ 325985.440744086052291, 3336262.013717400841415 ], [ 325993.951977178978268, 3336239.122035658918321 ], [ 326001.790156055416446, 3336216.022345086559653 ], [ 326008.925774770788848, 3336192.715559069532901 ], [ 326015.329327380924951, 3336169.202590993139893 ], [ 326020.97130794118857, 3336145.484354244545102 ], [ 326025.822210507118143, 3336121.561762208119035 ], [ 326029.852529134252109, 3336097.435728269163519 ], [ 326033.032804051239509, 3336073.107236551120877 ], [ 326035.342284245765768, 3336048.590613015927374 ], [ 326036.779143760621082, 3336023.929176857229322 ], [ 326037.344040791736916, 3335999.170052993576974 ], [ 326037.037633535510395, 3335974.360366347245872 ], [ 326035.860580187756568, 3335949.547241837717593 ], [ 326033.81353894493077, 3335924.777804388199002 ], [ 326030.897168002848048, 3335900.099178915843368 ], [ 326027.112125557847321, 3335875.55849034525454 ], [ 326022.459069805918261, 3335851.202863595448434 ], [ 326016.938658943225164, 3335827.079423587303609 ], [ 326010.551551165990531, 3335803.235295241698623 ], [ 326003.298404670204036, 3335779.717603480443358 ], [ 325995.179877651971765, 3335756.573473222088069 ], [ 325986.196628307458013, 3335733.850029389373958 ], [ 325976.349314832885284, 3335711.594396903179586 ], [ 325965.638595424243249, 3335689.853700683452189 ], [ 325954.055980180739425, 3335668.686069706454873 ], [ 325941.537096962914802, 3335648.216852527111769 ], [ 325927.996477689070161, 3335628.596773570403457 ], [ 325913.348615234601311, 3335609.976604223251343 ], [ 325897.508002475253306, 3335592.507115874905139 ], [ 325880.389132286363747, 3335576.33907991182059 ], [ 325861.912550343491603, 3335561.615111901890486 ], [ 325842.162901185511146, 3335548.256713071838021 ], [ 325821.404073092504404, 3335535.943863397929817 ], [ 325799.909043521620333, 3335524.344295683782548 ], [ 325777.950789930124301, 3335513.125742735341191 ], [ 325755.802289775107056, 3335501.955937355291098 ], [ 325733.736134032718837, 3335490.50314765330404 ], [ 325711.933134383638389, 3335478.562763076275587 ], [ 325690.364270683028735, 3335466.220806184690446 ], [ 325668.971330015629064, 3335453.603733755182475 ], [ 325647.696099466120359, 3335440.838002566248178 ], [ 325626.480366119532846, 3335428.050069395918399 ], [ 325605.265917060198262, 3335415.366391019895673 ], [ 325583.994539373088628, 3335402.913424218539149 ], [ 325562.608020142652094, 3335390.817625766154379 ], [ 325541.048146453977097, 3335379.205452443100512 ], [ 325519.256705391569994, 3335368.203361025545746 ], [ 325497.175484040228184, 3335357.937808291055262 ], [ 325474.746269484690856, 3335348.535251018125564 ], [ 325451.911099391058087, 3335340.121629130095243 ], [ 325428.643857912218664, 3335332.757195345126092 ], [ 325404.981118131545372, 3335326.372898934874684 ], [ 325380.966774083091877, 3335320.884588831104338 ], [ 325356.644719801028259, 3335316.208113963250071 ], [ 325332.058849319815636, 3335312.259323264006525 ], [ 325307.253056673449464, 3335308.954065660946071 ], [ 325282.27123589621624, 3335306.208190088160336 ], [ 325257.15728102234425, 3335303.937545473221689 ], [ 325231.95508608588716, 3335302.057980747427791 ], [ 325206.708545121538918, 3335300.485344843938947 ], [ 325181.461552163062152, 3335299.135486691258848 ], [ 325156.25800124485977, 3335297.924255220219493 ], [ 325131.141786401043646, 3335296.76749936118722 ], [ 325106.156801665900275, 3335295.581068045459688 ], [ 325081.34694107377436, 3335294.280810204334557 ], [ 325056.756098658661358, 3335292.782574766781181 ], [ 325032.428156005742494, 3335291.002225972246379 ], [ 325008.375959728553426, 3335288.893787016626447 ], [ 324984.514437193167396, 3335286.531677434686571 ], [ 324960.739251592196524, 3335284.014002962969244 ], [ 324936.946066118718591, 3335281.438869345467538 ], [ 324913.030543965753168, 3335278.904382322449237 ], [ 324888.888348325970583, 3335276.50864763231948 ], [ 324864.4151423923322, 3335274.34977101534605 ], [ 324839.506589357799385, 3335272.525858214125037 ], [ 324814.064939983130898, 3335271.126769917085767 ], [ 324788.151763183763251, 3335270.042962946929038 ], [ 324761.992406166624278, 3335268.959907923359424 ], [ 324735.819695946935099, 3335267.553713678382337 ], [ 324709.866459540033247, 3335265.500489042606205 ], [ 324684.365523961139843, 3335262.476342848967761 ], [ 324659.549716225476004, 3335258.15738392714411 ], [ 324635.651863348437473, 3335252.219721111003309 ], [ 324612.904792345070746, 3335244.339463229291141 ], [ 324591.511069430096541, 3335234.26346001168713 ], [ 324571.535240532946773, 3335222.061212230473757 ], [ 324553.002523339935578, 3335207.894158579409122 ], [ 324535.938132648938335, 3335191.923744506668299 ], [ 324520.36728325788863, 3335174.311415460892022 ], [ 324506.315189964720048, 3335155.218616886995733 ], [ 324493.807067567482591, 3335134.806794236414135 ], [ 324482.868130864109844, 3335113.23739295406267 ], [ 324473.523594652418979, 3335090.671858488116413 ], [ 324465.798673730576411, 3335067.271636286750436 ], [ 324459.718582896399312, 3335043.198171796742827 ], [ 324455.308536947879475, 3335018.612910468131304 ], [ 324452.593750683008693, 3334993.677297745365649 ], [ 324451.59943889954593, 3334968.552779075689614 ], [ 324452.341643391468097, 3334943.3950174767524 ], [ 324454.786942415114027, 3334918.328495371155441 ], [ 324458.885316158470232, 3334893.467232173774391 ], [ 324464.586732640804257, 3334868.925239628646523 ], [ 324471.841159881616477, 3334844.816529480274767 ], [ 324480.59856590005802, 3334821.255113474093378 ], [ 324490.808918715629261, 3334798.355003353208303 ], [ 324502.422186347481329, 3334776.230210860725492 ], [ 324515.388336815114599, 3334754.994747742079198 ], [ 324529.657338137796614, 3334734.762625741772354 ], [ 324545.17915833479492, 3334715.647856602910906 ], [ 324561.903765425551683, 3334697.764452069997787 ], [ 324579.781127429276239, 3334681.226423886604607 ], [ 324598.761212365527172, 3334666.147783798631281 ], [ 324618.79307244863594, 3334652.639593528583646 ], [ 324639.802897297078744, 3334640.739269074052572 ], [ 324661.692967390175909, 3334630.407209546305239 ], [ 324684.364437962009106, 3334621.600189380347729 ], [ 324707.718464247183874, 3334614.274983013048768 ], [ 324731.656201479840092, 3334608.388364878948778 ], [ 324756.078804894408677, 3334603.897109416313469 ], [ 324780.887429725320544, 3334600.757991059683263 ], [ 324805.983231206890196, 3334598.927784244995564 ], [ 324831.267364573432133, 3334598.363263409584761 ], [ 324856.640985059377272, 3334599.021202988922596 ], [ 324882.005247898923699, 3334600.858377418015152 ], [ 324907.261308326560538, 3334603.831561134662479 ], [ 324932.310321576660499, 3334607.897528573404998 ], [ 324957.053442883479875, 3334613.013054172042757 ], [ 324981.391827481507789, 3334619.134912365116179 ], [ 325005.226630604942329, 3334626.219877588562667 ], [ 325028.477463440096471, 3334634.222623569425195 ], [ 325051.168456374201924, 3334643.085927351377904 ], [ 325073.360491054248996, 3334652.748382842633873 ], [ 325095.114489645697176, 3334663.148579339496791 ], [ 325116.491374314180575, 3334674.225106138270348 ], [ 325137.55206722515868, 3334685.916552535258234 ], [ 325158.357490544323809, 3334698.16150782816112 ], [ 325178.968566437077243, 3334710.898561312351376 ], [ 325199.446217068703845, 3334724.066302282270044 ], [ 325219.851364605128765, 3334737.603320038411766 ], [ 325240.244931211636867, 3334751.448203874286264 ], [ 325260.687839053804055, 3334765.539543087594211 ], [ 325281.241010751167778, 3334779.815923463087529 ], [ 325301.977395204652566, 3334794.122945637907833 ], [ 325323.013295179815032, 3334807.971005582716316 ], [ 325344.474779333861079, 3334820.794991062954068 ], [ 325366.487916324171238, 3334832.029789846856147 ], [ 325389.178774807893205, 3334841.110289699863642 ], [ 325412.673423442349304, 3334847.471378389745951 ], [ 325437.069084812013898, 3334850.579728586133569 ], [ 325462.079294361756183, 3334850.324790046550333 ], [ 325487.144968556414824, 3334846.896405856125057 ], [ 325511.701207922887988, 3334840.49082756973803 ], [ 325535.183112987549976, 3334831.304306740406901 ], [ 325557.025784276833292, 3334819.533094917424023 ], [ 325576.664322317461483, 3334805.373443655669689 ], [ 325593.540985825296957, 3334789.021886455826461 ], [ 325607.411405455670319, 3334770.687300028279424 ], [ 325618.459848038211931, 3334750.595444358885288 ], [ 325626.901502740045544, 3334728.973297418560833 ], [ 325632.951558727945667, 3334706.0478371726349 ], [ 325636.825205168977845, 3334682.04604158969596 ], [ 325638.737631230149418, 3334657.194888638798147 ], [ 325638.903506234404631, 3334631.721409637946635 ], [ 325637.474424855492543, 3334605.859109296929091 ], [ 325634.479387966333888, 3334579.854074197821319 ], [ 325629.933298144431319, 3334553.953837843611836 ], [ 325623.851057966821827, 3334528.405933730769902 ], [ 325616.247570011008065, 3334503.457895363681018 ], [ 325607.137736854201648, 3334479.357256239745766 ], [ 325596.536461073730607, 3334456.351549861487001 ], [ 325584.458694256900344, 3334434.688095644582063 ], [ 325570.937907909275964, 3334414.533315354958177 ], [ 325556.053859404695686, 3334395.851447473280132 ], [ 325539.893418635940179, 3334378.575661974027753 ], [ 325522.543455495557282, 3334362.639128839131445 ], [ 325504.090839876153041, 3334347.975018045399338 ], [ 325484.622441670391709, 3334334.51649957196787 ], [ 325464.22513077093754, 3334322.196743397973478 ], [ 325442.985777070571203, 3334310.948919502552599 ], [ 325420.991250461607706, 3334300.706197861582041 ], [ 325398.328420837002341, 3334291.401748457923532 ], [ 325375.084158089128323, 3334282.968741266522557 ], [ 325351.345332110824529, 3334275.340346267912537 ], [ 325327.198812794755213, 3334268.449733439832926 ], [ 325302.731417410541326, 3334262.230186765082181 ], [ 325278.017603241605684, 3334256.641767551656812 ], [ 325253.103634686965961, 3334251.70561564154923 ], [ 325228.031864113756455, 3334247.451346110552549 ], [ 325202.844643888180144, 3334243.908574033528566 ], [ 325177.584326377371326, 3334241.106914488133043 ], [ 325152.293263947940432, 3334239.075982550159097 ], [ 325127.013808966556098, 3334237.845393294468522 ], [ 325101.788313799886964, 3334237.44476179825142 ], [ 325076.659130814718083, 3334237.903703135903925 ], [ 325051.668612377601676, 3334239.251832384150475 ], [ 325026.859110855439212, 3334241.518764618318528 ], [ 325002.272978614841122, 3334244.734114916063845 ], [ 324977.952568022417836, 3334248.927498350851238 ], [ 324953.940231445129029, 3334254.128530000336468 ], [ 324930.27832124941051, 3334260.36682493891567 ], [ 324907.009189802105539, 3334267.671998244710267 ], [ 324884.175175148586277, 3334276.073640869930387 ], [ 324861.800688422401436, 3334285.571148565039039 ], [ 324839.857208651257679, 3334296.074760862626135 ], [ 324818.306492806586903, 3334307.478341939859092 ], [ 324797.110297860286664, 3334319.675755980424583 ], [ 324776.230380784079898, 3334332.560867165680975 ], [ 324755.628498549631331, 3334346.027539673727006 ], [ 324735.266408128722105, 3334359.96963768824935 ], [ 324715.105866492842324, 3334374.281025387812406 ], [ 324695.108630613947753, 3334388.855566954240203 ], [ 324675.236457463819534, 3334403.587126569822431 ], [ 324655.451104013773147, 3334418.369568412192166 ], [ 324635.714327235880774, 3334433.096756664570421 ], [ 324615.987620862084441, 3334447.663932097610086 ], [ 324596.227841128828004, 3334461.990586878731847 ], [ 324576.387879434099887, 3334476.016946965828538 ], [ 324556.42049950431101, 3334489.683905968908221 ], [ 324536.278465065523051, 3334502.932357496581972 ], [ 324515.914539843972307, 3334515.70319515792653 ], [ 324495.2814875660697, 3334527.937312562018633 ], [ 324474.332071957644075, 3334539.575603315606713 ], [ 324453.019056745280977, 3334550.558961030095816 ], [ 324431.295205654867459, 3334560.828279313165694 ], [ 324409.113282412989065, 3334570.324451772961766 ], [ 324386.426050745591056, 3334578.988372019026428 ], [ 324363.186274378967937, 3334586.76093365997076 ], [ 324339.347578940796666, 3334593.583048699423671 ], [ 324314.924326260806993, 3334599.396925336215645 ], [ 324290.030609756126069, 3334604.146900183986872 ], [ 324264.789790300303139, 3334607.777507638558745 ], [ 324239.325228766712826, 3334610.233282093890011 ], [ 324213.76028602902079, 3334611.458757945802063 ], [ 324188.218322960601654, 3334611.398469586856663 ], [ 324162.82270043483004, 3334609.996951412409544 ], [ 324137.696779325371608, 3334607.198737817816436 ], [ 324112.963920505484566, 3334602.948363196570426 ], [ 324088.747484848776367, 3334597.190361944027245 ], [ 324065.17083322867984, 3334589.869268455076963 ], [ 324042.357326518686023, 3334580.929617122747004 ], [ 324020.430325592285953, 3334570.315942343324423 ], [ 323999.51319132297067, 3334557.972778510767967 ], [ 323979.729284584056586, 3334543.844660019502044 ], [ 323961.201261328358669, 3334527.878949614707381 ], [ 323944.025209624436684, 3334510.129608276765794 ], [ 323928.263180864916649, 3334490.787162220105529 ], [ 323913.974998966616113, 3334470.051074956543744 ], [ 323901.220487846294418, 3334448.120809998363256 ], [ 323890.059471420710906, 3334425.195830856449902 ], [ 323880.551773606683128, 3334401.475601041689515 ], [ 323872.757218320737593, 3334377.159584065433592 ], [ 323866.73562947998289, 3334352.447243440896273 ], [ 323862.546831000945531, 3334327.538042677566409 ], [ 323860.250646800384857, 3334302.63144528772682 ], [ 323859.906900795176625, 3334277.926914782729 ], [ 323861.575416901847348, 3334253.623914672527462 ], [ 323865.316019037389196, 3334229.92190847126767 ], [ 323871.188531118386891, 3334207.020359687972814 ], [ 323879.252777061716188, 3334185.118731835391372 ], [ 323889.544400499144103, 3334164.390285240020603 ], [ 323901.927586604142562, 3334144.822477725334466 ], [ 323916.192419999861158, 3334126.322467384394258 ], [ 323932.128690781188197, 3334108.797093141358346 ], [ 323949.526189042546321, 3334092.153193918522447 ], [ 323968.174704879173078, 3334076.297608643304557 ], [ 323987.864028385607526, 3334061.137176238466054 ], [ 324008.383949656621553, 3334046.578735628165305 ], [ 324029.524258787219878, 3334032.529125738888979 ], [ 324051.074745872116182, 3334018.895185492467135 ], [ 324072.825201006024145, 3334005.583753815852106 ], [ 324094.565414283773862, 3333992.50166963133961 ], [ 324116.085175800253637, 3333979.555771864950657 ], [ 324137.21118219307391, 3333966.659342945553362 ], [ 324157.932169462088495, 3333953.753955719992518 ], [ 324178.281331730133388, 3333940.788944969885051 ], [ 324198.291864332626574, 3333927.713645688258111 ], [ 324217.996962605160661, 3333914.477392866741866 ], [ 324237.429821882920805, 3333901.029521498363465 ], [ 324256.623637501324993, 3333887.31936657615006 ], [ 324275.611604796024039, 3333873.2962630931288 ], [ 324294.426919102377724, 3333858.909546040464193 ], [ 324313.102775755804032, 3333844.108550412580371 ], [ 324331.672370091779158, 3333828.842611201573163 ], [ 324350.168897445546463, 3333813.061063399538398 ], [ 324368.627876235521398, 3333796.731167706195265 ], [ 324387.105401872016955, 3333779.978963973466307 ], [ 324405.6683182308916, 3333763.013430914841592 ], [ 324424.383562702336349, 3333746.044268828816712 ], [ 324443.318072676775046, 3333729.281178019940853 ], [ 324462.538785544456914, 3333712.933858788572252 ], [ 324482.112638695805799, 3333697.212011436000466 ], [ 324502.106569521129131, 3333682.325336264912039 ], [ 324522.587515410792548, 3333668.483533577993512 ], [ 324543.622413755045272, 3333655.896303674671799 ], [ 324565.278201944369357, 3333644.773346858099103 ], [ 324587.621817369072232, 3333635.324363431427628 ], [ 324610.720197419461329, 3333627.759053695015609 ], [ 324634.610944663407281, 3333622.227321498561651 ], [ 324659.174967397470027, 3333618.559663231018931 ], [ 324684.241068523959257, 3333616.480363024864346 ], [ 324709.638015934149735, 3333615.713633644394577 ], [ 324735.194577519840095, 3333615.98368785623461 ], [ 324760.739521172246896, 3333617.014738426078111 ], [ 324786.101614783052355, 3333618.530998119153082 ], [ 324811.109626243822277, 3333620.25667970161885 ], [ 324835.593087140528951, 3333621.914839089848101 ], [ 324859.42296738474397, 3333623.165761065669358 ], [ 324882.532065173261799, 3333623.576072392985225 ], [ 324904.85822620219551, 3333622.704753841273487 ], [ 324926.339296168182045, 3333620.110786179080606 ], [ 324946.913120767159853, 3333615.353150178212672 ], [ 324966.517545695533045, 3333607.990826604887843 ], [ 324985.090416649589315, 3333597.582796229515225 ], [ 325002.56957932561636, 3333583.688039821572602 ], [ 325018.890819928201381, 3333565.874616342131048 ], [ 325033.871945934544783, 3333544.230632334947586 ], [ 325047.151042027457152, 3333519.636408386752009 ], [ 325058.351094602316152, 3333493.038817996159196 ], [ 325067.095090054208413, 3333465.384734662249684 ], [ 325073.006014778453391, 3333437.621031885500997 ], [ 325075.70685517025413, 3333410.694583164528012 ], [ 325074.838009954604786, 3333385.527965076267719 ], [ 325070.503475361794699, 3333362.396856744308025 ], [ 325063.308880976110231, 3333340.876965140923858 ], [ 325053.884890712564811, 3333320.50906468834728 ], [ 325042.862168485822622, 3333300.833929806482047 ], [ 325030.871378210547846, 3333281.392334916163236 ], [ 325018.543183801753912, 3333261.725054439157248 ], [ 325006.505050403415225, 3333241.376427985727787 ], [ 324995.189852885727305, 3333220.107675848063082 ], [ 324984.72730932320701, 3333198.017901870422065 ], [ 324975.220878740015905, 3333175.235476926900446 ], [ 324966.774020160606597, 3333151.888771896716207 ], [ 324959.490192609431688, 3333128.106157656759024 ], [ 324953.472855110943783, 3333104.016005085315555 ], [ 324948.825466689537279, 3333079.746685058809817 ], [ 324945.651486369781196, 3333055.426568455062807 ], [ 324944.054373176011723, 3333031.184026152361184 ], [ 324944.137586132565048, 3333007.147429026663303 ], [ 324946.004584264068399, 3332983.445147957187146 ], [ 324949.758826594683342, 3332960.205553818494081 ], [ 324955.503772149269935, 3332937.557017491199076 ], [ 324963.342879951756913, 3332915.627909850329161 ], [ 324973.333088860905264, 3332894.51937291584909 ], [ 324985.322542627807707, 3332874.210338206961751 ], [ 324999.100831123651005, 3332854.645464893896133 ], [ 325014.457541267969646, 3332835.769410422071815 ], [ 325031.182259979774244, 3332817.526832233648747 ], [ 325049.064574178250041, 3332799.86238777032122 ], [ 325067.894070782407653, 3332782.720734478440136 ], [ 325087.46033671166515, 3332766.046529798302799 ], [ 325107.552958884858526, 3332749.784431174397469 ], [ 325127.961524221405853, 3332733.879096050281078 ], [ 325148.475619640259538, 3332718.275181868113577 ], [ 325168.884832060779445, 3332702.917346072383225 ], [ 325188.98958891100483, 3332687.746245747897774 ], [ 325208.68623296811711, 3332672.667143374215811 ], [ 325227.921163564897142, 3332657.56682959292084 ], [ 325246.641214153554756, 3332642.331934850662947 ], [ 325264.793218186183367, 3332626.84908959409222 ], [ 325282.324009114934597, 3332611.004924268461764 ], [ 325299.180420392018277, 3332594.686069319024682 ], [ 325315.309285469527822, 3332577.779155191034079 ], [ 325330.657437799498439, 3332560.170812332537025 ], [ 325345.171710834198166, 3332541.747671188320965 ], [ 325358.798938025720417, 3332522.396362202242017 ], [ 325371.485952826333232, 3332502.003515823744237 ], [ 325383.174134810862597, 3332480.468221901915967 ], [ 325393.724129168549553, 3332457.874008342158049 ], [ 325402.934874470462091, 3332434.44537208462134 ], [ 325410.603747350629419, 3332410.410378323402256 ], [ 325416.528124442673288, 3332385.997092250734568 ], [ 325420.505382380448282, 3332361.433579059317708 ], [ 325422.332897797634359, 3332336.947903942316771 ], [ 325421.808047328260727, 3332312.76813209336251 ], [ 325418.728820366144646, 3332289.121992958243936 ], [ 325413.079585912055336, 3332266.135094252415001 ], [ 325405.292458060197532, 3332243.687713711056858 ], [ 325395.865408885350917, 3332221.624043947551399 ], [ 325385.296410462353379, 3332199.78827757248655 ], [ 325374.083434865926392, 3332178.024607199709862 ], [ 325362.724454170966055, 3332156.177225441206247 ], [ 325351.717440452019218, 3332134.090324907563627 ], [ 325341.470245647535194, 3332111.640654473565519 ], [ 325331.980406038288493, 3332088.853191184345633 ], [ 325323.128744584333617, 3332065.79507524240762 ], [ 325314.796076000784524, 3332042.533449825830758 ], [ 325306.863215002871584, 3332019.135458116419613 ], [ 325299.210976305766962, 3331995.668243291787803 ], [ 325291.720174624875654, 3331972.198948533739895 ], [ 325284.271624675136991, 3331948.794717018958181 ], [ 325276.746141171839554, 3331925.522691930178553 ], [ 325269.024569508677814, 3331902.450000773184001 ], [ 325261.057628326234408, 3331879.608076974749565 ], [ 325253.014793815847952, 3331856.916603749152273 ], [ 325245.108237725449726, 3331834.273453693371266 ], [ 325237.550131803378463, 3331811.576499405317008 ], [ 325230.552647797274403, 3331788.723613478243351 ], [ 325224.327957455650903, 3331765.612668512854725 ], [ 325219.088232526322827, 3331742.141537102870643 ], [ 325215.045644757570699, 3331718.208091847598553 ], [ 325212.411727574304678, 3331693.710499166045338 ], [ 325211.258950049814302, 3331668.61093780444935 ], [ 325211.347653281351086, 3331643.015261268708855 ], [ 325212.395656091044657, 3331617.048896372783929 ], [ 325214.120777301024646, 3331590.837269932031631 ], [ 325216.240835733537097, 3331564.50580876134336 ], [ 325218.473650210653432, 3331538.179939675144851 ], [ 325220.537039554619696, 3331511.985089488327503 ], [ 325222.148822587449104, 3331486.046685015782714 ], [ 325223.026818131213076, 3331460.490153072401881 ], [ 325222.888845008274075, 3331435.440920473076403 ], [ 325221.452722040761728, 3331411.024414032232016 ], [ 325218.43626805068925, 3331387.366060565691441 ], [ 325213.557301860360894, 3331364.591286887414753 ], [ 325206.533642291789874, 3331342.825519812293351 ], [ 325197.083108167164028, 3331322.194186155218631 ], [ 325184.925042641232722, 3331302.822705792728812 ], [ 325169.984809231187683, 3331284.835560662206262 ], [ 325152.600057808915153, 3331268.355355714913458 ], [ 325133.157550326432101, 3331253.504472312051803 ], [ 325112.044048735930119, 3331240.405291813891381 ], [ 325089.646314989367966, 3331229.180195581633598 ], [ 325066.351111038937233, 3331219.951564977876842 ], [ 325042.511419166694395, 3331212.81987032527104 ], [ 325018.277498699200805, 3331207.754086586646736 ], [ 324993.724331075209193, 3331204.674360046163201 ], [ 324968.926773082581349, 3331203.500756136141717 ], [ 324943.959681509353686, 3331204.153340289369226 ], [ 324918.897913143387996, 3331206.552177937701344 ], [ 324893.816324772371445, 3331210.617334512062371 ], [ 324868.78977318451507, 3331216.268875445239246 ], [ 324843.891774392395746, 3331223.417542377952486 ], [ 324819.163056007120758, 3331231.746065418235958 ], [ 324794.610435519251041, 3331240.70136267086491 ], [ 324770.239165221108124, 3331249.719467808492482 ], [ 324746.054497404722497, 3331258.236414497718215 ], [ 324722.06168436241569, 3331265.688236410729587 ], [ 324698.265978386392817, 3331271.510967215988785 ], [ 324674.672631768742576, 3331275.140640584751964 ], [ 324651.286896801670082, 3331276.013290184549987 ], [ 324628.133392006799113, 3331273.607513981871307 ], [ 324605.451381863094866, 3331267.873672078363597 ], [ 324583.613790072442498, 3331259.055889071431011 ], [ 324562.995561034302227, 3331247.402730769012123 ], [ 324543.971639148134273, 3331233.162762982305139 ], [ 324526.916968813107815, 3331216.584551518782973 ], [ 324512.206494428974111, 3331197.916662192437798 ], [ 324500.215145440946799, 3331177.407661247067153 ], [ 324491.174837867845781, 3331155.310320035554469 ], [ 324484.824088102963287, 3331131.891917598433793 ], [ 324480.795085872290656, 3331107.422859356272966 ], [ 324478.720020901411772, 3331082.173550729639828 ], [ 324478.231082916026935, 3331056.414397139102221 ], [ 324478.960461642069276, 3331030.41580400429666 ], [ 324480.540346805239096, 3331004.448176749050617 ], [ 324482.602928131294902, 3330978.781920790206641 ], [ 324484.804724421235733, 3330953.66447592061013 ], [ 324487.045506958675105, 3330929.113661752548069 ], [ 324489.365031964960508, 3330905.015157965943217 ], [ 324491.80473308369983, 3330881.25306082656607 ], [ 324494.40604395873379, 3330857.7114665992558 ], [ 324497.210398233612068, 3330834.274471549317241 ], [ 324500.259229551942553, 3330810.826171940658242 ], [ 324503.593971557507757, 3330787.250664038117975 ], [ 324507.255908951687161, 3330763.432199824135751 ], [ 324511.244064787810203, 3330739.299215347971767 ], [ 324515.457287990022451, 3330714.88487755972892 ], [ 324519.779912005120423, 3330690.237529175821692 ], [ 324524.096270279551391, 3330665.405512908473611 ], [ 324528.290696260053664, 3330640.437171473167837 ], [ 324532.247523393540177, 3330615.380847585387528 ], [ 324535.851085126574617, 3330590.28488395921886 ], [ 324538.98571490572067, 3330565.197623310610652 ], [ 324541.535746177891269, 3330540.167408352252096 ], [ 324543.385512389591895, 3330515.242581801023334 ], [ 324544.41934698773548, 3330490.471486370544881 ], [ 324544.521583418769296, 3330465.902464775834233 ], [ 324543.576555129431654, 3330441.583859730511904 ], [ 324541.468595566635486, 3330417.564013952855021 ], [ 324538.082038176886272, 3330393.891270153224468 ], [ 324533.301216406922322, 3330370.61397104896605 ], [ 324527.010463703423738, 3330347.780459355097264 ], [ 324519.124830421584193, 3330325.427396372891963 ], [ 324509.775177044561133, 3330303.50937241083011 ], [ 324499.184873126447201, 3330281.945797266438603 ], [ 324487.577641456271522, 3330260.655946400947869 ], [ 324475.177204823063221, 3330239.559095276985317 ], [ 324462.207286016142461, 3330218.574519358575344 ], [ 324448.891607824305538, 3330197.621494106948376 ], [ 324435.453893036814407, 3330176.619294985663146 ], [ 324422.1178644427564, 3330155.487197456415743 ], [ 324409.10724483121885, 3330134.144476983696222 ], [ 324396.645756991230883, 3330112.510409027338028 ], [ 324384.957123711938038, 3330090.504269051831216 ], [ 324374.26506778242765, 3330068.045332520268857 ], [ 324364.791138020635117, 3330045.054836144670844 ], [ 324356.673584689153358, 3330021.529164455831051 ], [ 324349.943147735262755, 3329997.561692459508777 ], [ 324344.623451741761528, 3329973.252214288339019 ], [ 324340.738121291506104, 3329948.700524074491113 ], [ 324338.310780966945458, 3329924.006415949203074 ], [ 324337.365055350936018, 3329899.269684046506882 ], [ 324337.924569026217796, 3329874.590122496709228 ], [ 324340.012946575589012, 3329850.067525435704738 ], [ 324343.653812581731472, 3329825.801686992868781 ], [ 324348.870791627385188, 3329801.892401302233338 ], [ 324355.687508295231964, 3329778.439462495502084 ], [ 324364.12758716812823, 3329755.542664706241339 ], [ 324374.214652828639373, 3329733.301802064292133 ], [ 324385.972329859563615, 3329711.816668704617769 ], [ 324399.424242843757384, 3329691.187058758921921 ], [ 324414.555428907682654, 3329671.486924999859184 ], [ 324430.977242310415022, 3329652.539971160236746 ], [ 324448.091324814828113, 3329634.029460096266121 ], [ 324465.296996066870634, 3329615.637099583167583 ], [ 324481.993575712200254, 3329597.044597392436117 ], [ 324497.580383396823891, 3329577.933661299291998 ], [ 324511.497630309604574, 3329558.006360706873238 ], [ 324523.717019897128921, 3329537.229417499620467 ], [ 324534.581835929711815, 3329515.754579128231853 ], [ 324544.442981373344082, 3329493.737386961933225 ], [ 324553.651359193841927, 3329471.333382370416075 ], [ 324562.557872357429005, 3329448.698106723837554 ], [ 324571.511058587755542, 3329425.986112514510751 ], [ 324580.709550633153412, 3329403.289278786629438 ], [ 324590.11491371539887, 3329380.600369543302804 ], [ 324599.667758964875247, 3329357.903388135600835 ], [ 324609.308697512024082, 3329335.182337914593518 ], [ 324618.978340487228706, 3329312.4212222318165 ], [ 324628.617299020988867, 3329289.604044440202415 ], [ 324638.166184243687894, 3329266.714807888492942 ], [ 324647.565607285825536, 3329243.737515929620713 ], [ 324656.756179277668707, 3329220.656171914655715 ], [ 324665.678511349891778, 3329197.454779195133597 ], [ 324674.273214632761665, 3329174.117341122590005 ], [ 324682.480900256719906, 3329150.627861048094928 ], [ 324690.242179352208041, 3329126.970342322252691 ], [ 324697.497663049725816, 3329103.128788298461586 ], [ 324704.187962479481939, 3329079.087202325463295 ], [ 324710.253688772267196, 3329054.829587757587433 ], [ 324715.635453058290295, 3329030.339947944507003 ], [ 324720.274877209565602, 3329005.608850292861462 ], [ 324724.121790344943292, 3328980.680162500124425 ], [ 324727.130009781336412, 3328955.623652803245932 ], [ 324729.253379324567504, 3328930.509261466097087 ], [ 324730.445742780750152, 3328905.406928754411638 ], [ 324730.660943955706898, 3328880.386594931595027 ], [ 324729.852826655493118, 3328855.518200262915343 ], [ 324727.975234685931355, 3328830.871685011312366 ], [ 324724.982011853135191, 3328806.516989444382489 ], [ 324720.827001962810755, 3328782.524053822737187 ], [ 324715.464048821246251, 3328758.962818415369838 ], [ 324708.846996234206017, 3328735.903223482891917 ], [ 324700.929688007803634, 3328713.415209292434156 ], [ 324691.66596794774523, 3328691.568716107867658 ], [ 324681.009679860144388, 3328670.433684193063527 ], [ 324668.914667550940067, 3328650.080053813289851 ], [ 324655.353533762972802, 3328630.563617002218962 ], [ 324640.4245399669162, 3328611.845392347779125 ], [ 324624.277561464521568, 3328593.847470624372363 ], [ 324607.062631599255838, 3328576.491823408287019 ], [ 324588.929783714760561, 3328559.700422273017466 ], [ 324570.02905115444446, 3328543.395238795317709 ], [ 324550.510467261832673, 3328527.498244550079107 ], [ 324530.52406538039213, 3328511.931411111727357 ], [ 324510.21987885364797, 3328496.616710057016462 ], [ 324489.747941025125328, 3328481.476112960837781 ], [ 324469.258285238232929, 3328466.431591398082674 ], [ 324448.900944836670533, 3328451.405116944108158 ], [ 324428.817497306095902, 3328436.323009017854929 ], [ 324409.042751567903906, 3328421.166485409718007 ], [ 324389.538386429543607, 3328405.954366036690772 ], [ 324370.26465601415839, 3328390.706203357782215 ], [ 324351.181814444367774, 3328375.44154983246699 ], [ 324332.250115843315143, 3328360.179957922548056 ], [ 324313.429814333969261, 3328344.940980087965727 ], [ 324294.681164039124269, 3328329.744168786797673 ], [ 324275.964419081865344, 3328314.609076480381191 ], [ 324257.23983358516125, 3328299.555255630519241 ], [ 324238.467661671689712, 3328284.602258693892509 ], [ 324219.608157464594115, 3328269.769638133700937 ], [ 324200.62157508690143, 3328255.076946409419179 ], [ 324181.47848411067389, 3328240.533158943522722 ], [ 324162.212331021029968, 3328226.082779773976654 ], [ 324142.880251135502476, 3328211.64602337917313 ], [ 324123.539423034351785, 3328197.143059886060655 ], [ 324104.247025297372602, 3328182.4940594159998 ], [ 324085.06023650476709, 3328167.619192093610764 ], [ 324066.036235236562788, 3328152.438628043048084 ], [ 324047.232200072729029, 3328136.872537385672331 ], [ 324028.705309593235143, 3328120.841090247500688 ], [ 324010.512742378166877, 3328104.264456750825047 ], [ 323992.711677007377148, 3328087.062807019334286 ], [ 323975.359292061068118, 3328069.156311177182943 ], [ 323958.513218608975876, 3328050.466227914206684 ], [ 323942.255493596836459, 3328030.972529768943787 ], [ 323926.704484626825433, 3328010.74259088980034 ], [ 323911.981515715015121, 3327989.850897741504014 ], [ 323898.207910878234543, 3327968.371936794836074 ], [ 323885.504994133196305, 3327946.380194517783821 ], [ 323873.994089496089146, 3327923.950157376937568 ], [ 323863.796520983800292, 3327901.156311843078583 ], [ 323855.033612612925936, 3327878.073144383262843 ], [ 323847.826688399713021, 3327854.775141465943307 ], [ 323842.297072361165192, 3327831.336789560504258 ], [ 323838.566088513529394, 3327807.832575134001672 ], [ 323836.755060873460025, 3327784.336984655819833 ], [ 323836.98531345766969, 3327760.924504594411701 ], [ 323839.378170282579958, 3327737.66962141636759 ], [ 323844.022556339215953, 3327714.651285235770047 ], [ 323850.843507135345135, 3327691.971025353297591 ], [ 323859.714357945194934, 3327669.737493863794953 ], [ 323870.508424439933151, 3327648.059345558285713 ], [ 323883.099022290785797, 3327627.045235230121762 ], [ 323897.359467169211712, 3327606.80381767032668 ], [ 323913.163074746669736, 3327587.44374767318368 ], [ 323930.38316069409484, 3327569.07368002878502 ], [ 323948.893040683120489, 3327551.802269530948251 ], [ 323968.566030385030899, 3327535.738170970696956 ], [ 323989.275445470935665, 3327520.990039140917361 ], [ 324010.894601612351835, 3327507.666528834495693 ], [ 324033.296814480505418, 3327495.876294842455536 ], [ 324056.356101699231658, 3327485.72198910266161 ], [ 324079.964314134791493, 3327477.153759805485606 ], [ 324104.032127566984855, 3327469.960770960431546 ], [ 324128.471118245099206, 3327463.924486080184579 ], [ 324153.192862417723518, 3327458.82636867556721 ], [ 324178.108936334261671, 3327454.447882259264588 ], [ 324203.130916243244428, 3327450.570490341633558 ], [ 324228.170378393901046, 3327446.975656433496624 ], [ 324253.138899034820497, 3327443.444844046607614 ], [ 324277.948054415290244, 3327439.759516693651676 ], [ 324302.509420784248505, 3327435.701137885451317 ], [ 324326.73457439057529, 3327431.051171132363379 ], [ 324350.535091483034194, 3327425.591079945676029 ], [ 324373.822548310854472, 3327419.102327838540077 ], [ 324396.508521122857928, 3327411.366378320381045 ], [ 324418.504586168040987, 3327402.164694904815406 ], [ 324439.722319695225451, 3327391.278741100803018 ], [ 324460.061551203136332, 3327378.510025327559561 ], [ 324479.303282100649085, 3327363.862826792988926 ], [ 324497.159506739524659, 3327347.45917982282117 ], [ 324513.341369099216536, 3327329.422569835092872 ], [ 324527.560013159585651, 3327309.876482251100242 ], [ 324539.526582899794448, 3327288.944402487948537 ], [ 324548.958220414293464, 3327266.750748888589442 ], [ 324555.806783046165947, 3327243.45644648000598 ], [ 324560.329924614168704, 3327219.269982665311545 ], [ 324562.805825913266744, 3327194.403037533629686 ], [ 324563.512667738483287, 3327169.067291176412255 ], [ 324562.728630884550512, 3327143.47442367952317 ], [ 324560.731896146608051, 3327117.836115134414285 ], [ 324557.800644319329876, 3327092.364045628812164 ], [ 324554.211402698478196, 3327067.267510697245598 ], [ 324550.126372245140374, 3327042.590932745952159 ], [ 324545.521262095368002, 3327018.109789240639657 ], [ 324540.354602417966817, 3326993.57478338573128 ], [ 324534.584923381509725, 3326968.736618388909847 ], [ 324528.189640003838576, 3326943.358913738280535 ], [ 324521.817605718155392, 3326917.664518962148577 ], [ 324516.955258075147867, 3326892.449148904532194 ], [ 324515.14165866014082, 3326868.54451059922576 ], [ 324517.877539865730796, 3326846.768841747194529 ], [ 324525.771546249859966, 3326827.626889874693006 ], [ 324538.534352673625108, 3326811.307845365256071 ], [ 324555.837128418381326, 3326797.987015882972628 ], [ 324577.298574437038042, 3326787.779001843649894 ], [ 324601.63501455943333, 3326779.754329478368163 ], [ 324626.802773152943701, 3326772.104185543488711 ], [ 324650.734574140515178, 3326762.992430332116783 ], [ 324671.813745094405022, 3326751.03391601704061 ], [ 324689.883932366210502, 3326736.305071741808206 ], [ 324705.084081422712188, 3326719.17788018938154 ], [ 324717.553137729933951, 3326700.024324039928615 ], [ 324727.430046754423529, 3326679.216385978274047 ], [ 324734.853753962786868, 3326657.126048685051501 ], [ 324739.963204821106046, 3326634.125294843222946 ], [ 324742.897057965688873, 3326610.572843037545681 ], [ 324743.79051836906001, 3326586.667701525613666 ], [ 324742.776504862704314, 3326562.503158881329 ], [ 324739.987895485130139, 3326538.17061723722145 ], [ 324735.557568274496589, 3326513.761478719767183 ], [ 324729.618401269137394, 3326489.367145458701998 ], [ 324722.303272507269867, 3326465.079019584693015 ], [ 324713.745060027169529, 3326440.988503224682063 ], [ 324704.076623968954664, 3326417.187000915408134 ], [ 324693.405027426721063, 3326393.769385048188269 ], [ 324681.76001101086149, 3326370.840922352392226 ], [ 324669.156889395962935, 3326348.508818814065307 ], [ 324655.610977256961633, 3326326.880280418787152 ], [ 324641.137589268328156, 3326306.062513154000044 ], [ 324625.752040104824118, 3326286.162723005283624 ], [ 324609.46964444121113, 3326267.288115958217531 ], [ 324592.305716952017974, 3326249.545897998381406 ], [ 324574.275572312064469, 3326233.043275112751871 ], [ 324555.394525195937604, 3326217.887453286908567 ], [ 324535.677890278457198, 3326204.185638507362455 ], [ 324515.140982234210242, 3326192.045036759227514 ], [ 324493.80413408955792, 3326181.550372945610434 ], [ 324471.725279522594064, 3326172.617929513566196 ], [ 324448.979407347971573, 3326165.087585747241974 ], [ 324425.641591262887232, 3326158.79884066991508 ], [ 324401.786904964887071, 3326153.591193308588117 ], [ 324377.490422151167877, 3326149.304142686072737 ], [ 324352.82721651927568, 3326145.777187827974558 ], [ 324327.872361766640097, 3326142.849827762227505 ], [ 324302.700931590341497, 3326140.361561510711908 ], [ 324277.38799968798412, 3326138.151888098567724 ], [ 324252.008639757055789, 3326136.060306552797556 ], [ 324226.63792549475329, 3326133.926315897610039 ], [ 324201.350930598448031, 3326131.589415157213807 ], [ 324176.222728765686043, 3326128.889103358145803 ], [ 324151.328393693664111, 3326125.664879523217678 ], [ 324126.742999079928268, 3326121.756242680363357 ], [ 324102.54161862161709, 3326117.00269185192883 ], [ 324078.786006723064929, 3326111.272973999846727 ], [ 324055.475466965464875, 3326104.572972293943167 ], [ 324032.591015150130261, 3326096.948728179559112 ], [ 324010.113664761360269, 3326088.446288187522441 ], [ 323988.024429283570498, 3326079.111698849126697 ], [ 323966.304322200827301, 3326068.991006694268435 ], [ 323944.934356997488067, 3326058.130258255172521 ], [ 323923.895547157968394, 3326046.575500063132495 ], [ 323903.168906166334637, 3326034.372778648510575 ], [ 323882.735447506885976, 3326021.568140542134643 ], [ 323862.576184664212633, 3326008.207632277160883 ], [ 323842.672131122206338, 3325994.337300382554531 ], [ 323823.004300365282688, 3325980.003191389609128 ], [ 323803.553705877799075, 3325965.251351829618216 ], [ 323784.301361144112889, 3325950.127828234806657 ], [ 323765.228279648115858, 3325934.678667134605348 ], [ 323746.315474874631036, 3325918.949915062636137 ], [ 323727.543960307491943, 3325902.987618547864258 ], [ 323708.894749431114178, 3325886.837824120186269 ], [ 323690.348855729913339, 3325870.546578313689679 ], [ 323671.887292688013986, 3325854.159927658736706 ], [ 323653.491073789773509, 3325837.723918685223907 ], [ 323635.141212519491091, 3325821.284597924910486 ], [ 323616.818722361349501, 3325804.888011909089983 ], [ 323598.504616799764335, 3325788.580207169987261 ], [ 323580.179909318860155, 3325772.407230235170573 ], [ 323561.831179266911931, 3325756.402886453084648 ], [ 323543.478042562899645, 3325740.528322759550065 ], [ 323525.152257077104878, 3325724.717981899157166 ], [ 323506.885599388799164, 3325708.906265475321561 ], [ 323488.709846077137627, 3325693.027575084008276 ], [ 323470.656773721508216, 3325677.016312328632921 ], [ 323452.758158900775015, 3325660.806878806091845 ], [ 323435.045778194442391, 3325644.333676117472351 ], [ 323417.551408181490842, 3325627.531105861533433 ], [ 323400.306825441191904, 3325610.333569638431072 ], [ 323383.343806552875321, 3325592.675469048321247 ], [ 323366.694128095521592, 3325574.491205690428615 ], [ 323350.409810131706763, 3325555.718599390704185 ], [ 323334.765704983321484, 3325536.333096458110958 ], [ 323320.174707332043909, 3325516.333452429622412 ], [ 323307.051768696634099, 3325495.718770154751837 ], [ 323295.811840595270041, 3325474.48815247695893 ], [ 323286.86987454642076, 3325452.640702246222645 ], [ 323280.640822068555281, 3325430.175522308796644 ], [ 323277.474377593025565, 3325407.107217231299728 ], [ 323277.265191872953437, 3325383.558486505877227 ], [ 323279.714158127317205, 3325359.698056425899267 ], [ 323284.521453999041114, 3325335.694823269732296 ], [ 323291.387257130758371, 3325311.717683316208422 ], [ 323300.011745165393222, 3325287.935532843694091 ], [ 323310.095095745753497, 3325264.517268130555749 ], [ 323321.337515981635079, 3325241.631771240383387 ], [ 323333.499311518506147, 3325219.41893157036975 ], [ 323346.527102252759505, 3325197.928757018409669 ], [ 323360.403504789690487, 3325177.193889993242919 ], [ 323375.111135734536219, 3325157.246972901746631 ], [ 323390.632611692883074, 3325138.120648154523224 ], [ 323406.950549269793555, 3325119.847558156121522 ], [ 323424.047565070737619, 3325102.460345317143947 ], [ 323441.906275701068807, 3325085.991652044933289 ], [ 323460.509297766024247, 3325070.474120745901018 ], [ 323479.839247871073894, 3325055.940393830183893 ], [ 323499.878742621454876, 3325042.423113705590367 ], [ 323520.610398622578941, 3325029.954922779463232 ], [ 323542.013080913806334, 3325018.558354802429676 ], [ 323564.030573323543649, 3325008.161416622810066 ], [ 323586.587512679165229, 3324998.640523176174611 ], [ 323609.60834219242679, 3324989.871567697729915 ], [ 323633.017505075258669, 3324981.730443424079567 ], [ 323656.739444539416581, 3324974.093043588101864 ], [ 323680.698603796423413, 3324966.835261425469071 ], [ 323704.819426058442332, 3324959.832990173716098 ], [ 323729.026354536996223, 3324952.962123066652566 ], [ 323753.243832443957217, 3324946.098553338088095 ], [ 323777.396302991197444, 3324939.118174226954579 ], [ 323801.408209390297998, 3324931.896878965198994 ], [ 323825.203994853131007, 3324924.310560788959265 ], [ 323848.708102591393981, 3324916.235112933441997 ], [ 323871.844975817133673, 3324907.546428635716438 ], [ 323894.539057741872966, 3324898.120401128660887 ], [ 323916.71479157730937, 3324887.832923647947609 ], [ 323938.282539017149247, 3324876.561335870064795 ], [ 323959.046291926933918, 3324864.193903668317944 ], [ 323978.761452355538495, 3324850.62388401478529 ], [ 323997.183172858902253, 3324835.744559507351369 ], [ 324014.066605993371923, 3324819.449212748091668 ], [ 324029.166904314828571, 3324801.631126334890723 ], [ 324042.246235187689308, 3324782.188389561139047 ], [ 324053.300159632519353, 3324761.179017949849367 ], [ 324062.606463905074634, 3324738.854413679800928 ], [ 324070.459826014644932, 3324715.477553510572761 ], [ 324077.154923970403615, 3324691.311414203606546 ], [ 324082.986435781640466, 3324666.618972519878298 ], [ 324088.24903945758706, 3324641.663205221761018 ], [ 324093.237413007416762, 3324616.707089068368077 ], [ 324098.208124285156373, 3324591.978048680815846 ], [ 324103.207726199412718, 3324567.507590281311423 ], [ 324108.210817816550843, 3324543.260095905512571 ], [ 324113.191934451344423, 3324519.19988811807707 ], [ 324118.125611418217886, 3324495.291289483197033 ], [ 324122.986384032061324, 3324471.498622564598918 ], [ 324127.748787607473787, 3324447.786209927871823 ], [ 324132.387357459054329, 3324424.118374135810882 ], [ 324136.876628901460208, 3324400.459437754005194 ], [ 324141.19113724923227, 3324376.77372334478423 ], [ 324145.305417817085981, 3324353.025553474668413 ], [ 324149.194005919620395, 3324329.179250705987215 ], [ 324152.831436871667393, 3324305.199137605261058 ], [ 324156.192245987709612, 3324281.049536734819412 ], [ 324159.250968582229689, 3324256.694770657923073 ], [ 324161.982139970175922, 3324232.099161942955106 ], [ 324164.360295465914533, 3324207.227033148985356 ], [ 324166.359468104317784, 3324182.047206910327077 ], [ 324167.947537989413831, 3324156.5836316710338 ], [ 324169.088261258555576, 3324130.897203641012311 ], [ 324169.745318037515972, 3324105.049500039312989 ], [ 324169.882388451951556, 3324079.102098083589226 ], [ 324169.463152627693489, 3324053.116574993822724 ], [ 324168.45129069063114, 3324027.154507987666875 ], [ 324166.810482766421046, 3324001.277474284637719 ], [ 324164.504408980777953, 3323975.547051102854311 ], [ 324161.496749459765851, 3323950.024815662298352 ], [ 324157.751184328924865, 3323924.772345180157572 ], [ 324153.231393713969737, 3323899.851216875016689 ], [ 324147.901057740906253, 3323875.323007967323065 ], [ 324141.723856535274535, 3323851.249295673333108 ], [ 324134.663470222963952, 3323827.691657213959843 ], [ 324126.683578929747455, 3323804.711669806856662 ], [ 324117.747862781397998, 3323782.370910670608282 ], [ 324107.822456478024833, 3323760.728108836337924 ], [ 324096.935857778647915, 3323739.769629747141153 ], [ 324085.182397702417802, 3323719.405448586679995 ], [ 324072.659556520986371, 3323699.54188626864925 ], [ 324059.464814505423419, 3323680.085263708606362 ], [ 324045.695651927555446, 3323660.941901822574437 ], [ 324031.449549058685079, 3323642.018121525645256 ], [ 324016.823986170173157, 3323623.220243732444942 ], [ 324001.916443533555139, 3323604.454589359462261 ], [ 323986.824401420250069, 3323585.627479321323335 ], [ 323971.645340101909824, 3323566.645234534982592 ], [ 323956.476739849720616, 3323547.414175913203508 ], [ 323941.416080935276113, 3323527.840624373871833 ], [ 323926.559032401128206, 3323507.841798729728907 ], [ 323911.988755165948533, 3323487.410177355632186 ], [ 323897.783129998540971, 3323466.570008519571275 ], [ 323884.020019001385663, 3323445.345652796793729 ], [ 323870.777284277137369, 3323423.761470766738057 ], [ 323858.132787927926984, 3323401.841823007911444 ], [ 323846.1643920566421, 3323379.611070099286735 ], [ 323834.949958765413612, 3323357.093572618905455 ], [ 323824.567350156838074, 3323334.313691145274788 ], [ 323815.094428333337419, 3323311.295786255039275 ], [ 323806.6090553975082, 3323288.064218529500067 ], [ 323799.189093451714143, 3323264.643348545767367 ], [ 323792.912404598377179, 3323241.057536881417036 ], [ 323787.856850940152071, 3323217.331144116818905 ], [ 323784.100294579402544, 3323193.488530829548836 ], [ 323781.720597618550528, 3323169.554057597182691 ], [ 323780.795619428798091, 3323145.552085681818426 ], [ 323781.377821405825671, 3323121.513324867933989 ], [ 323783.432168684608769, 3323097.490355662070215 ], [ 323786.904798850475345, 3323073.540464741177857 ], [ 323791.741849488404114, 3323049.720938778948039 ], [ 323797.889458183548413, 3323026.089064450468868 ], [ 323805.293762521177996, 3323002.702128431759775 ], [ 323813.900900086562615, 3322979.617417397908866 ], [ 323823.657008464680985, 3322956.892218024469912 ], [ 323834.508225240861066, 3322934.583816986065358 ], [ 323846.400688000197988, 3322912.749500959645957 ], [ 323859.280534327728674, 3322891.446556617040187 ], [ 323873.093901808839291, 3322870.732270637061447 ], [ 323887.78692802862497, 3322850.663929692469537 ], [ 323903.305750572006218, 3322831.298820460215211 ], [ 323919.594075050845277, 3322812.681226649321616 ], [ 323936.579957278736401, 3322794.771757639478892 ], [ 323954.185255049844272, 3322777.497884032316506 ], [ 323972.331810701114591, 3322760.786993786692619 ], [ 323990.941466570016928, 3322744.566474862862378 ], [ 324009.936064993555192, 3322728.763715218286961 ], [ 324029.237448309082538, 3322713.306102814152837 ], [ 324048.767458854010329, 3322698.121025608386844 ], [ 324068.447938965342473, 3322683.135871562175453 ], [ 324088.200730980432127, 3322668.278028633445501 ], [ 324107.947677236516029, 3322653.474884782452136 ], [ 324127.610620070772711, 3322638.65382796805352 ], [ 324147.111401820555329, 3322623.742246150039136 ], [ 324166.371864823217038, 3322608.667527288664132 ], [ 324185.313851415645331, 3322593.357059341855347 ], [ 324203.859203935426194, 3322577.738230268936604 ], [ 324221.929764719679952, 3322561.738428031094372 ], [ 324239.447376105643343, 3322545.285040586255491 ], [ 324256.333880430611316, 3322528.305455895140767 ], [ 324272.511120031704195, 3322510.72706191521138 ], [ 324287.900937246216927, 3322492.477246606722474 ], [ 324302.425174411619082, 3322473.483397930394858 ], [ 324316.005673864856362, 3322453.67290384368971 ], [ 324328.56427794334013, 3322432.973152307793498 ], [ 324340.022859098331537, 3322411.31291681388393 ], [ 324350.305111762951128, 3322388.704799137543887 ], [ 324359.337563177745324, 3322365.291736839339137 ], [ 324367.046985290013254, 3322341.227926273830235 ], [ 324373.36015004653018, 3322316.667563794180751 ], [ 324378.203829394537024, 3322291.7648457554169 ], [ 324381.504795281041879, 3322266.673968511167914 ], [ 324383.189819653052837, 3322241.549128413200378 ], [ 324383.185674457927234, 3322216.544521818868816 ], [ 324381.441966352576856, 3322191.799413902685046 ], [ 324378.029275265173055, 3322167.373967767693102 ], [ 324373.058090635808185, 3322143.302250451408327 ], [ 324366.638926694984548, 3322119.618312786333263 ], [ 324358.88229767314624, 3322096.35620560310781 ], [ 324349.898717800737359, 3322073.549979733303189 ], [ 324339.798701308027375, 3322051.233686007093638 ], [ 324328.715664987626951, 3322029.422614301554859 ], [ 324316.982403368281666, 3322007.96873141778633 ], [ 324305.034386524406727, 3321986.639896045438945 ], [ 324293.307933602307457, 3321965.203271341975778 ], [ 324282.239363748696633, 3321943.426020464859903 ], [ 324272.264996109995991, 3321921.075306572951376 ], [ 324263.820009095245041, 3321897.920239496510476 ], [ 324257.233691287750844, 3321873.910630375146866 ], [ 324252.645030151470564, 3321849.321039785631001 ], [ 324250.173149244277738, 3321824.4599261241965 ], [ 324249.937172123987693, 3321799.635747782886028 ], [ 324252.056222348532174, 3321775.156963155139238 ], [ 324256.649423475784715, 3321751.332030635792762 ], [ 324263.835899063618854, 3321728.469408618286252 ], [ 324273.727996911562514, 3321706.871465248521417 ], [ 324286.220508639002219, 3321686.645022894721478 ], [ 324300.949600786028896, 3321667.664444233756512 ], [ 324317.536373283539433, 3321649.790549637749791 ], [ 324335.601926063012797, 3321632.884159480687231 ], [ 324354.767359055520501, 3321616.806094134226441 ], [ 324374.654472744441591, 3321601.416314599569887 ], [ 324394.917003778857179, 3321586.535605445504189 ], [ 324415.253120950888842, 3321571.930245878640562 ], [ 324435.364278545370325, 3321557.362484748009592 ], [ 324454.951930847775657, 3321542.594570909626782 ], [ 324473.717532143462449, 3321527.388753214851022 ], [ 324491.364643889537547, 3321511.508236694615334 ], [ 324507.808018236304633, 3321494.812058937270194 ], [ 324523.35091050673509, 3321477.335549637209624 ], [ 324538.338331103499513, 3321459.132985805161297 ], [ 324553.11529042921029, 3321440.258644447196275 ], [ 324568.026798886538018, 3321420.766802574042231 ], [ 324583.41738963330863, 3321400.711726757697761 ], [ 324599.389393598481547, 3321380.142386585008353 ], [ 324615.409696220885962, 3321359.093854405451566 ], [ 324630.842232007067651, 3321337.598951017484069 ], [ 324645.05093546397984, 3321315.69049722282216 ], [ 324657.399741098226514, 3321293.401313823647797 ], [ 324667.252583416702691, 3321270.764221619348973 ], [ 324674.104806803166866, 3321247.823786980472505 ], [ 324677.992762600304559, 3321224.672932111658156 ], [ 324679.09200740972301, 3321201.417021544650197 ], [ 324677.578097952646203, 3321178.1614198256284 ], [ 324673.626590950414538, 3321155.011491496581584 ], [ 324667.413043124251999, 3321132.072601102292538 ], [ 324659.113011195673607, 3321109.450113186612725 ], [ 324648.902051885786932, 3321087.249392294324934 ], [ 324636.955721916165203, 3321065.575802968814969 ], [ 324623.449578007857781, 3321044.534709753934294 ], [ 324608.559176882263273, 3321024.231477194000036 ], [ 324592.460075260780286, 3321004.771469831932336 ], [ 324575.327829864632804, 3320986.260052213445306 ], [ 324557.337170441052876, 3320968.800762924365699 ], [ 324538.6248963989201, 3320952.413390438538045 ], [ 324519.274901230877731, 3320937.000907071400434 ], [ 324499.367151985294186, 3320922.457615553867072 ], [ 324478.981615710363258, 3320908.677818621043116 ], [ 324458.198259454336949, 3320895.555819004774094 ], [ 324437.097050265525468, 3320882.985919436905533 ], [ 324415.757955192122608, 3320870.86242265207693 ], [ 324394.260941282496788, 3320859.079631382133812 ], [ 324372.685975584958214, 3320847.531848360784352 ], [ 324351.113025147700682, 3320836.113376320339739 ], [ 324329.622057019092608, 3320824.718517994508147 ], [ 324308.293038247385994, 3320813.241576115600765 ], [ 324287.203737650648691, 3320801.547641907818615 ], [ 324266.422338635311462, 3320789.374429425690323 ], [ 324246.014412595017347, 3320776.424942602403462 ], [ 324226.045530866249464, 3320762.40218461304903 ], [ 324206.581264785840176, 3320747.009158635046333 ], [ 324187.687185690272599, 3320729.948867845814675 ], [ 324169.481588358350564, 3320711.000515419058502 ], [ 324152.405833421158604, 3320690.410224302206188 ], [ 324137.023591866134666, 3320668.600889830384403 ], [ 324123.898765358957462, 3320645.995740736369044 ], [ 324113.595255565247498, 3320623.01800575107336 ], [ 324106.676964150450658, 3320600.090913605410606 ], [ 324103.689068603154738, 3320577.630842735059559 ], [ 324104.752942731254734, 3320555.89912171009928 ], [ 324109.569928947428707, 3320535.00340934144333 ], [ 324117.823399963439442, 3320515.044790168758482 ], [ 324129.196728490875103, 3320496.124348734971136 ], [ 324143.373287241556682, 3320478.343169577419758 ], [ 324160.036448927246965, 3320461.802337240427732 ], [ 324178.869586259650532, 3320446.602936262264848 ], [ 324199.556071950413752, 3320432.846051185857505 ], [ 324221.77927871135762, 3320420.632766548544168 ], [ 324245.222579254070297, 3320410.06416689325124 ], [ 324269.56934629031457, 3320401.241336761042476 ], [ 324294.50295253196964, 3320394.265360692050308 ], [ 324319.706770690623671, 3320389.237323225941509 ], [ 324344.864173477864824, 3320386.258308903779835 ], [ 324369.708680441894103, 3320385.38979623792693 ], [ 324394.200531874666922, 3320386.514199418015778 ], [ 324418.364010979654267, 3320389.463351473212242 ], [ 324442.223404814605601, 3320394.0690823844634 ], [ 324465.803000437037554, 3320400.163222134578973 ], [ 324489.127084904641379, 3320407.57760070450604 ], [ 324512.219945274991915, 3320416.144048077054322 ], [ 324535.105868605838623, 3320425.694394234567881 ], [ 324557.809141954930965, 3320436.060469158459455 ], [ 324580.354052379669156, 3320447.074102830141783 ], [ 324602.764886937919073, 3320458.56712523335591 ], [ 324625.065932687313762, 3320470.371366349514574 ], [ 324647.281476685311645, 3320482.318656159564853 ], [ 324669.435805989895016, 3320494.240824647247791 ], [ 324691.553207658522297, 3320505.969701793976128 ], [ 324713.657431080180686, 3320517.340986080467701 ], [ 324735.756408648740035, 3320528.30417840089649 ], [ 324757.840061936993152, 3320538.938366533257067 ], [ 324779.897333761851769, 3320549.329680351540446 ], [ 324801.917166939936578, 3320559.564249726012349 ], [ 324823.888504288159311, 3320569.728204532060772 ], [ 324845.800288623024244, 3320579.907674637623131 ], [ 324867.641462761850562, 3320590.188789920881391 ], [ 324889.400969520851504, 3320600.657680248841643 ], [ 324911.067751717171632, 3320611.400475497823209 ], [ 324932.630752167315222, 3320622.503305537626147 ], [ 324954.078913688426837, 3320634.052300242707133 ], [ 324975.401179097010754, 3320646.133589484263211 ], [ 324996.586492059752345, 3320658.833299942780286 ], [ 325017.649068060913123, 3320672.142609995789826 ], [ 325038.694596608926076, 3320685.709022580180317 ], [ 325059.849457040720154, 3320699.102307245600969 ], [ 325081.240028692700434, 3320711.892233537044376 ], [ 325102.992690901970491, 3320723.648571002762765 ], [ 325125.233823004877195, 3320733.941089188680053 ], [ 325148.089804338524118, 3320742.339557644445449 ], [ 325171.667363998712972, 3320748.444107188843191 ], [ 325195.877005873597227, 3320752.158053073566407 ], [ 325220.516422376153059, 3320753.559013753663749 ], [ 325245.381958209269214, 3320752.726690013892949 ], [ 325270.269958075718023, 3320749.740782634820789 ], [ 325294.976766678330023, 3320744.680992400739342 ], [ 325319.298728719877545, 3320737.627020091284066 ], [ 325343.032188903307542, 3320728.658566491212696 ], [ 325365.973431658581831, 3320717.855324185919017 ], [ 325387.897518392594066, 3320705.294099651742727 ], [ 325408.527127582812682, 3320691.044575829990208 ], [ 325427.576998239732347, 3320675.17535598250106 ], [ 325444.761869373440277, 3320657.75504336738959 ], [ 325459.796479994023684, 3320638.852241242770106 ], [ 325472.395569111860823, 3320618.535552867688239 ], [ 325482.322853272082284, 3320596.888838897459209 ], [ 325489.657096600916702, 3320574.094103063456714 ], [ 325494.601791381661315, 3320550.372204196173698 ], [ 325497.360740289557725, 3320525.944097816944122 ], [ 325498.137745999963954, 3320501.030739451292902 ], [ 325497.136611187946983, 3320475.853084618225694 ], [ 325494.561138528632, 3320450.632088844198734 ], [ 325490.615130697493441, 3320425.588707650080323 ], [ 325485.500521151872817, 3320400.940776161383837 ], [ 325479.355339423171245, 3320376.799450888298452 ], [ 325472.239342151791789, 3320353.145222754217684 ], [ 325464.207505858503282, 3320329.950602942612022 ], [ 325455.314807064598426, 3320307.188102640211582 ], [ 325445.616222290904261, 3320284.830233034677804 ], [ 325435.166728058655281, 3320262.849505310412496 ], [ 325424.021300888678525, 3320241.218430653680116 ], [ 325412.234917302033864, 3320219.909520249348134 ], [ 325399.862553819781169, 3320198.89528528554365 ], [ 325386.959186963096727, 3320178.148236947599798 ], [ 325373.579793252691161, 3320157.640886419452727 ], [ 325359.779349209915381, 3320137.345744889695197 ], [ 325345.612831355596427, 3320117.235323543660343 ], [ 325331.135216210852377, 3320097.282133566215634 ], [ 325316.401480296568479, 3320077.458686143625528 ], [ 325301.46660013392102, 3320057.737492464017123 ], [ 325286.385552243911661, 3320038.091063709929585 ], [ 325271.213313147425652, 3320018.491911069024354 ], [ 325256.004859365697484, 3319998.912545727565885 ], [ 325240.815167419612408, 3319979.325478871352971 ], [ 325225.699213830346707, 3319959.703221686184406 ], [ 325210.711975118727423, 3319940.018285357393324 ], [ 325195.908427805872634, 3319920.243181072175503 ], [ 325181.34354841284221, 3319900.350420015398413 ], [ 325167.072313460579608, 3319880.312513373792171 ], [ 325153.14804194070166, 3319860.102815976832062 ], [ 325139.571903313044459, 3319839.721225533634424 ], [ 325126.283680763153825, 3319819.198883923701942 ], [ 325113.219637184985913, 3319798.568724768236279 ], [ 325100.316035472729709, 3319777.863681688904762 ], [ 325087.509138520050328, 3319757.116688306909055 ], [ 325074.735209221602418, 3319736.360678248107433 ], [ 325061.930510470818263, 3319715.628585130907595 ], [ 325049.031305162061471, 3319694.953342579305172 ], [ 325035.973856189288199, 3319674.367884214967489 ], [ 325022.694426446512807, 3319653.905143660493195 ], [ 325009.129278827807866, 3319633.598054537083954 ], [ 324995.214678246818949, 3319613.479549848008901 ], [ 324980.90467506548157, 3319593.577106067445129 ], [ 324966.214415727474261, 3319573.899455548729748 ], [ 324951.172155410400592, 3319554.451308920513839 ], [ 324935.806149292096961, 3319535.237376812845469 ], [ 324920.144652550225146, 3319516.262369853444397 ], [ 324904.21592036250513, 3319497.530998672824353 ], [ 324888.048207906540483, 3319479.047973898239434 ], [ 324871.669770360167604, 3319460.818006159737706 ], [ 324855.108862900873646, 3319442.845806085970253 ], [ 324838.393740706611425, 3319425.136084306519479 ], [ 324821.552658954868093, 3319407.693551449105144 ], [ 324804.613872823421843, 3319390.522918143309653 ], [ 324787.62195723928744, 3319373.59656262723729 ], [ 324770.727268686750904, 3319356.677290640305728 ], [ 324754.122335814114194, 3319339.44435720006004 ], [ 324737.999796566611622, 3319321.576800783164799 ], [ 324722.552288889826741, 3319302.753659867681563 ], [ 324707.972450728993863, 3319282.653972931206226 ], [ 324694.465820852958132, 3319261.005006240215153 ], [ 324682.355363527487498, 3319237.973003644496202 ], [ 324672.026755114959087, 3319213.958648737054318 ], [ 324663.866261319199111, 3319189.364828280638903 ], [ 324658.260147844091989, 3319164.594429037068039 ], [ 324655.594680393987801, 3319140.050337770022452 ], [ 324656.256124672887381, 3319116.135441240854561 ], [ 324660.630746384791564, 3319093.252626211382449 ], [ 324668.985019213461783, 3319071.749679669737816 ], [ 324680.949851188983303, 3319051.682052563875914 ], [ 324695.946177684469149, 3319033.008616406470537 ], [ 324713.394801780406851, 3319015.68818185525015 ], [ 324732.716526557400357, 3318999.679559569805861 ], [ 324753.332155096111819, 3318984.941560212988406 ], [ 324774.663809840392787, 3318971.425006796140224 ], [ 324796.18259048537584, 3318958.784205698873848 ], [ 324817.421913241269067, 3318946.296188509557396 ], [ 324837.919230149127543, 3318933.213553204201162 ], [ 324857.299682896933518, 3318918.90212273504585 ], [ 324875.93489373230841, 3318903.691576647572219 ], [ 324894.573265487968456, 3318888.39821959240362 ], [ 324913.752378741453867, 3318873.611351769883186 ], [ 324933.480161194864195, 3318859.348415921907872 ], [ 324953.683910759689752, 3318845.539800143800676 ], [ 324974.290925347362645, 3318832.115892526693642 ], [ 324995.228502869606018, 3318819.007081164978445 ], [ 325016.423941237735562, 3318806.143754150252789 ], [ 325037.804538363299798, 3318793.456299576442689 ], [ 325059.297592157730833, 3318780.875105536542833 ], [ 325080.830400532577187, 3318768.330560121685266 ], [ 325102.330261399329174, 3318755.75305142858997 ], [ 325123.724472669535317, 3318743.072967546526343 ], [ 325144.940332254569512, 3318730.22069657035172 ], [ 325165.905138066096697, 3318717.126626593060791 ], [ 325186.54618801549077, 3318703.721145706716925 ], [ 325206.79078001412563, 3318689.934642003849149 ], [ 325226.566211973899044, 3318675.697503579780459 ], [ 325245.799781805835664, 3318660.94011852517724 ], [ 325264.418787421658635, 3318645.592874933499843 ], [ 325282.35052673285827, 3318629.586160897742957 ], [ 325299.522297650983091, 3318612.850364511832595 ], [ 325315.861398087465204, 3318595.315873868763447 ], [ 325331.295125953678507, 3318576.913077058736235 ], [ 325345.750779161346145, 3318557.572362178470939 ], [ 325359.155655621783808, 3318537.224117318168283 ], [ 325371.427434425044339, 3318515.809179480187595 ], [ 325382.319025019649416, 3318493.447374603711069 ], [ 325391.444912382343318, 3318470.408898863010108 ], [ 325398.415281889552716, 3318446.968619083520025 ], [ 325402.840318917063996, 3318423.401402086950839 ], [ 325404.330208841303829, 3318399.982114695943892 ], [ 325402.495137038291432, 3318376.985623734537512 ], [ 325396.945288884046022, 3318354.686796024441719 ], [ 325387.385530918312725, 3318333.335498366504908 ], [ 325374.230058877321426, 3318312.99430321669206 ], [ 325358.214778197871055, 3318293.640837412793189 ], [ 325340.077194745419547, 3318275.252305209171027 ], [ 325320.554814385133795, 3318257.805910859256983 ], [ 325300.385142982297111, 3318241.278858615551144 ], [ 325280.274058978597168, 3318225.63745934702456 ], [ 325260.510971951065585, 3318210.704580154735595 ], [ 325241.091453853412531, 3318196.201882078312337 ], [ 325222.004914609715343, 3318181.848903774749488 ], [ 325203.240764143876731, 3318167.365183905232698 ], [ 325184.788412380032241, 3318152.470261130016297 ], [ 325166.641482798848301, 3318136.888886429835111 ], [ 325148.887788428110071, 3318120.462326664011925 ], [ 325131.707843850075733, 3318103.146523871924728 ], [ 325115.286079581768718, 3318084.902264243457466 ], [ 325099.806926139979623, 3318065.69033396942541 ], [ 325085.454814041499048, 3318045.471519238781184 ], [ 325072.413258404005319, 3318024.211415676400065 ], [ 325060.84644713322632, 3318001.977162495721132 ], [ 325050.900154287694022, 3317978.932643755339086 ], [ 325042.719421333749779, 3317955.245592495426536 ], [ 325036.449289737676736, 3317931.083741756621748 ], [ 325032.234800965816248, 3317906.614824576303363 ], [ 325030.220996484393254, 3317882.006573994643986 ], [ 325030.552917759807315, 3317857.426723052281886 ], [ 325033.375606258225162, 3317833.043004786595702 ], [ 325038.744040825054981, 3317809.004015211947262 ], [ 325046.340571201872081, 3317785.379171937704086 ], [ 325055.751189601724036, 3317762.217417974956334 ], [ 325066.56188810459571, 3317739.567696300335228 ], [ 325078.358658790239133, 3317717.478949893265963 ], [ 325090.727493738697376, 3317696.000121733173728 ], [ 325103.258044678601436, 3317675.174493256490678 ], [ 325115.647100029163994, 3317654.879603491630405 ], [ 325127.713147944014054, 3317634.804719779640436 ], [ 325139.28126367268851, 3317614.628919095732272 ], [ 325150.176522465189919, 3317594.031278421636671 ], [ 325160.223999571171589, 3317572.690874734893441 ], [ 325169.248770240170415, 3317550.286785010248423 ], [ 325177.07707307045348, 3317526.513225910719484 ], [ 325183.561275378859136, 3317501.404450189322233 ], [ 325188.579528847127222, 3317475.330265319440514 ], [ 325192.011079630581662, 3317448.674722123425454 ], [ 325193.735173884313554, 3317421.821871420368552 ], [ 325193.631057763588615, 3317395.155764035414904 ], [ 325191.577977423556149, 3317369.060450789052993 ], [ 325187.455179019307252, 3317343.919982501771301 ], [ 325181.141938574204687, 3317320.118361061438918 ], [ 325172.596194890909828, 3317297.91070989286527 ], [ 325162.025218170136213, 3317277.143656205851585 ], [ 325149.685562568367459, 3317257.583082030061632 ], [ 325135.833782241912559, 3317238.994869394693524 ], [ 325120.72643134748796, 3317221.144900329876691 ], [ 325104.620064041460864, 3317203.799056863412261 ], [ 325087.771234480431303, 3317186.723221024964005 ], [ 325070.436496820533648, 3317169.683274842333049 ], [ 325052.872405218658969, 3317152.445100346580148 ], [ 325035.335513831174467, 3317134.774579566437751 ], [ 325018.082376814447343, 3317116.437594530638307 ], [ 325001.369548325019423, 3317097.200027268379927 ], [ 324985.47373412293382, 3317076.862175068352371 ], [ 324970.849089911032934, 3317055.527387323789299 ], [ 324958.042018280131742, 3317033.456554273143411 ], [ 324947.599710817739833, 3317010.911913614254445 ], [ 324940.069359112065285, 3316988.155703046824783 ], [ 324935.998154750734102, 3316965.450160272419453 ], [ 324935.933289322070777, 3316943.057522989343852 ], [ 324940.397207789879758, 3316921.23876253189519 ], [ 324949.333911367692053, 3316900.225249376613647 ], [ 324962.103759367368184, 3316880.218487133271992 ], [ 324978.04132482141722, 3316861.418659845367074 ], [ 324996.48118076188257, 3316844.025951556395739 ], [ 325016.757900220749434, 3316828.240546308457851 ], [ 325038.206341283454094, 3316814.262447906658053 ], [ 325060.310872277361341, 3316802.197126043494791 ], [ 325082.950117434491403, 3316791.900765592698008 ], [ 325106.066927391220815, 3316783.188941596075892 ], [ 325129.604152784217149, 3316775.877229091245681 ], [ 325153.504644249915145, 3316769.781203119084239 ], [ 325177.711252425040584, 3316764.716438722331077 ], [ 325202.166827945795376, 3316760.498510937672108 ], [ 325226.8142214489053, 3316756.942994805984199 ], [ 325251.596283570746891, 3316753.865465367212892 ], [ 325276.455864947929513, 3316751.081497662235051 ], [ 325301.335816216946114, 3316748.406666729599237 ], [ 325326.178988014347851, 3316745.656547610647976 ], [ 325350.928230976627674, 3316742.64671534486115 ], [ 325375.526395740103908, 3316739.192744971252978 ], [ 325399.91633294156054, 3316735.11021153209731 ], [ 325424.04089321749052, 3316730.214690065942705 ], [ 325447.849958116246853, 3316724.35179711971432 ], [ 325471.327169852273073, 3316717.511400984134525 ], [ 325494.466291588556487, 3316709.726614490151405 ], [ 325517.261088391358498, 3316701.030558598227799 ], [ 325539.705325327522587, 3316691.456354273483157 ], [ 325561.792767463310156, 3316681.037122478242964 ], [ 325583.517179865506478, 3316669.805984177161008 ], [ 325604.872327600547578, 3316657.796060332097113 ], [ 325625.851975735102315, 3316645.04047190817073 ], [ 325646.449889335606713, 3316631.572339867707342 ], [ 325666.65983346872963, 3316617.424785174895078 ], [ 325686.475573201081716, 3316602.630928792990744 ], [ 325705.890873599215411, 3316587.223891685716808 ], [ 325724.899440887675155, 3316571.23677645297721 ], [ 325743.460243883775547, 3316554.691845380235463 ], [ 325761.439012637129053, 3316537.582264231517911 ], [ 325778.685995859326795, 3316519.896367591805756 ], [ 325795.051442262309138, 3316501.622490047477186 ], [ 325810.385600557667203, 3316482.748966184444726 ], [ 325824.538719457108527, 3316463.264130587689579 ], [ 325837.361047672282439, 3316443.156317842658609 ], [ 325848.702833915129304, 3316422.413862536661327 ], [ 325858.414326897240244, 3316401.025099253281951 ], [ 325866.34577533043921, 3316378.978362579829991 ], [ 325872.347427926259115, 3316356.261987100820988 ], [ 325876.269533396698534, 3316332.864307402633131 ], [ 325877.962340453232173, 3316308.773658070713282 ], [ 325877.27609780774219, 3316283.978373691439629 ], [ 325874.068242752982769, 3316258.51351040462032 ], [ 325868.27285446843598, 3316232.912251596804708 ], [ 325859.870357110805344, 3316208.008995786774904 ], [ 325848.841819150198717, 3316184.642329149413854 ], [ 325835.168309057073202, 3316163.650837864726782 ], [ 325818.830895301653072, 3316145.873108108062297 ], [ 325799.811908385250717, 3316132.145590691827238 ], [ 325778.302733372722287, 3316122.951014243997633 ], [ 325754.935286387859378, 3316118.026724934112281 ], [ 325730.397272759932093, 3316117.015673094429076 ], [ 325705.376397818850819, 3316119.560809060931206 ], [ 325680.560366893943865, 3316125.305083166342229 ], [ 325656.636885315005202, 3316133.89144574617967 ], [ 325634.293658411479555, 3316144.962847135029733 ], [ 325614.157954515831079, 3316158.164404950570315 ], [ 325596.114522873598617, 3316173.167863701935858 ], [ 325579.549395281879697, 3316189.662852017208934 ], [ 325563.839361292484682, 3316207.339329946320504 ], [ 325548.361210457340349, 3316225.887257545255125 ], [ 325532.491732328489888, 3316244.996594866737723 ], [ 325515.628973890212364, 3316264.342476580757648 ], [ 325497.531644874601625, 3316283.348503545392305 ], [ 325478.259627282852307, 3316301.228232718538493 ], [ 325457.882041125441901, 3316317.188778271898627 ], [ 325436.468006413371768, 3316330.437254382297397 ], [ 325414.086643157119397, 3316340.180775223765522 ], [ 325390.807631806121208, 3316345.626966786105186 ], [ 325366.986673275008798, 3316346.244660830125213 ], [ 325343.730528190848418, 3316342.188588042277843 ], [ 325322.26775346690556, 3316333.72470853663981 ], [ 325303.826906016620342, 3316321.118982429150492 ], [ 325289.636542753316462, 3316304.637369834352285 ], [ 325280.670345842256211, 3316284.63605414936319 ], [ 325276.444525570201222, 3316261.987150216475129 ], [ 325275.958084086247254, 3316237.745859729126096 ], [ 325278.209829639701638, 3316212.967009947635233 ], [ 325282.390492710226681, 3316188.434828507248312 ], [ 325288.186106471926905, 3316164.235193909611553 ], [ 325295.361530086782295, 3316140.34284442383796 ], [ 325303.681622717005666, 3316116.732518314383924 ], [ 325312.911243524693418, 3316093.378953848499805 ], [ 325322.815251672116574, 3316070.256889290641993 ], [ 325333.158506321138702, 3316047.341062906198204 ], [ 325343.707322979695164, 3316024.606310397852212 ], [ 325354.315247531281784, 3316002.03330354578793 ], [ 325364.970946548099164, 3315979.611754268873483 ], [ 325375.674699796829373, 3315957.332151463255286 ], [ 325386.426787043747026, 3315935.18498401902616 ], [ 325397.227488055359572, 3315913.160740830469877 ], [ 325408.077082597708795, 3315891.249910789076239 ], [ 325418.975850437534973, 3315869.442982789129019 ], [ 325429.924071340938099, 3315847.73044572211802 ], [ 325440.922025074425619, 3315826.102788482327014 ], [ 325451.96999140427215, 3315804.550499961711466 ], [ 325463.068250096985139, 3315783.064069052226841 ], [ 325474.217080918839201, 3315761.633984648156911 ], [ 325485.416763636108954, 3315740.25073564145714 ], [ 325496.667578015476465, 3315718.904810925014317 ], [ 325507.969803822925314, 3315697.586699391715229 ], [ 325519.323720825137571, 3315676.286889934912324 ], [ 325530.729608788213227, 3315654.995871446095407 ], [ 325542.187747478717938, 3315633.704132818616927 ], [ 325553.698416662868112, 3315612.402162945829332 ], [ 325565.261896107345819, 3315591.08045072061941 ], [ 325576.878465577960014, 3315569.729485033545643 ], [ 325588.548404841683805, 3315548.33975478168577 ], [ 325600.271993664442562, 3315526.901748852804303 ], [ 325612.049511812860146, 3315505.405956143513322 ], [ 325623.881239053211175, 3315483.842865544836968 ], [ 325635.767401842109393, 3315462.202961740549654 ], [ 325647.679787615197711, 3315440.474483522120863 ], [ 325659.514996163372416, 3315418.639731956645846 ], [ 325671.157344548904803, 3315396.680038117337972 ], [ 325682.491149834706448, 3315374.576733076013625 ], [ 325693.400729083165061, 3315352.311147904954851 ], [ 325703.770399357017595, 3315329.864613677375019 ], [ 325713.484477718709968, 3315307.218461465556175 ], [ 325722.427281230920926, 3315284.354022341780365 ], [ 325730.483126956271008, 3315261.252627379726619 ], [ 325737.536331957438961, 3315237.895607651676983 ], [ 325743.471213296812493, 3315214.264294230379164 ], [ 325748.172088037361391, 3315190.340018189512193 ], [ 325751.523273241240531, 3315166.104110598098487 ], [ 325753.409085971361492, 3315141.537902532145381 ], [ 325753.722772385342978, 3315116.640580273233354 ], [ 325752.427598116162699, 3315091.55134568316862 ], [ 325749.51986020070035, 3315066.475452405866235 ], [ 325744.996050257992465, 3315041.618543183431029 ], [ 325738.852659907832276, 3315017.186260762624443 ], [ 325731.086180769489147, 3314993.384247886016965 ], [ 325721.693104462639894, 3314970.418147298507392 ], [ 325710.669922606786713, 3314948.493601744994521 ], [ 325698.013126821315382, 3314927.816253969445825 ], [ 325683.71920872584451, 3314908.591746715828776 ], [ 325667.784659939759877, 3314891.025722727645189 ], [ 325650.205972082621884, 3314875.323824750259519 ], [ 325630.979636773758102, 3314861.691695527173579 ], [ 325610.102145632961765, 3314850.334977804217488 ], [ 325587.569990279560443, 3314841.459314323961735 ], [ 325563.406951509532519, 3314835.257938675582409 ], [ 325537.962679430784192, 3314831.775902506895363 ], [ 325511.801235473772977, 3314830.960758608300239 ], [ 325485.490446841577068, 3314832.758347364608198 ], [ 325459.598140737973154, 3314837.114509163890034 ], [ 325434.692144366388675, 3314843.975084394216537 ], [ 325411.340284930251073, 3314853.285913441330194 ], [ 325390.110251532110851, 3314864.992814227938652 ], [ 325371.406653217971325, 3314879.015077928546816 ], [ 325355.155674253648613, 3314895.194174707401544 ], [ 325341.196216892800294, 3314913.357377357780933 ], [ 325329.367183389724232, 3314933.331958672963083 ], [ 325319.507475998485461, 3314954.94519144622609 ], [ 325311.455996973090805, 3314978.024348471779376 ], [ 325305.051648567721713, 3315002.396702541969717 ], [ 325300.109489593829494, 3315027.876281223259866 ], [ 325296.200155200320296, 3315054.141332729253918 ], [ 325292.750865661364514, 3315080.790437135845423 ], [ 325289.187017716816626, 3315107.421161529608071 ], [ 325284.93400810653111, 3315133.631072997115552 ], [ 325279.417233570362441, 3315159.017738625407219 ], [ 325272.062090848106891, 3315183.178725500591099 ], [ 325262.293976679677144, 3315205.711600708775222 ], [ 325249.538287804927677, 3315226.213931338395923 ], [ 325233.40546584839467, 3315244.279974183999002 ], [ 325214.468098321172874, 3315259.486774092540145 ], [ 325193.610501181974541, 3315271.405799359083176 ], [ 325171.717150768323336, 3315279.608515412081033 ], [ 325149.672523417393677, 3315283.666387679055333 ], [ 325128.361095467058476, 3315283.150881587527692 ], [ 325108.667343254375737, 3315277.633462565951049 ], [ 325091.375644138082862, 3315266.802289759740233 ], [ 325076.577396165230311, 3315251.153386034537107 ], [ 325064.070819458749611, 3315231.524556185584515 ], [ 325053.653085998550523, 3315208.754826919641346 ], [ 325045.121367764193565, 3315183.683224937412888 ], [ 325038.272836735530291, 3315157.148776944261044 ], [ 325032.904664892295841, 3315129.990509645082057 ], [ 325028.814024219929706, 3315103.047449131030589 ], [ 325025.799674707581289, 3315076.982457483652979 ], [ 325023.666441843379289, 3315051.78552543092519 ], [ 325022.220599063264672, 3315027.286016708705574 ], [ 325021.268419803120196, 3315003.313295056112111 ], [ 325020.616177498945035, 3314979.696724209934473 ], [ 325020.070145586621948, 3314956.265667906962335 ], [ 325019.436597502033692, 3314932.849489884916693 ], [ 325018.521806681354064, 3314909.277553881984204 ], [ 325017.136112812731881, 3314885.382081194780767 ], [ 325015.226691899646539, 3314861.091454887297004 ], [ 325012.907079937402159, 3314836.450967567972839 ], [ 325010.300854649394751, 3314811.512968669179827 ], [ 325007.531593759427778, 3314786.329807625617832 ], [ 325004.722874991246499, 3314760.95383387291804 ], [ 325001.998276068188716, 3314735.437396842520684 ], [ 324999.481374714174308, 3314709.832845971453935 ], [ 324997.295748652541079, 3314684.192530690692365 ], [ 324995.564975607267115, 3314658.568800437264144 ], [ 324994.412633301748428, 3314633.014004644006491 ], [ 324993.96229945961386, 3314607.580492745153606 ], [ 324994.337551804608665, 3314582.320614174939692 ], [ 324995.661968060303479, 3314557.286718366667628 ], [ 324998.059125950385351, 3314532.531154757365584 ], [ 325001.652603198366705, 3314508.106272778008133 ], [ 325006.5659775279928, 3314484.064421863295138 ], [ 325012.911128840991296, 3314460.453974031843245 ], [ 325020.627191487699747, 3314437.264565467834473 ], [ 325029.521480780793354, 3314414.441012100316584 ], [ 325039.397987567179371, 3314391.926999493967742 ], [ 325050.060702693532221, 3314369.666213213000447 ], [ 325061.313617006584536, 3314347.602338820695877 ], [ 325072.960721353127155, 3314325.679061881732196 ], [ 325084.806006579950918, 3314303.840067960787565 ], [ 325096.653463533846661, 3314282.029042622074485 ], [ 325108.307083061547019, 3314260.189671428408474 ], [ 325119.570856009901036, 3314238.265639946796 ], [ 325130.248773225583136, 3314216.200633738655597 ], [ 325140.144825555558782, 3314193.938338370062411 ], [ 325149.06300384644419, 3314171.422439404763281 ], [ 325156.807298945030198, 3314148.59662240697071 ], [ 325163.216591441188939, 3314125.413482945412397 ], [ 325168.355598449939862, 3314101.883289835415781 ], [ 325172.378958469431382, 3314078.039275659713894 ], [ 325175.441541353531647, 3314053.914732084609568 ], [ 325177.698216956283432, 3314029.542950777336955 ], [ 325179.303855131496675, 3314004.95722340233624 ], [ 325180.413325733214151, 3313980.190841626375914 ], [ 325181.181498615129385, 3313955.277097114361823 ], [ 325181.763243631343357, 3313930.249281534925103 ], [ 325182.313430635666009, 3313905.140686552040279 ], [ 325182.98692948219832, 3313879.984603832941502 ], [ 325183.938610024633817, 3313854.814325042068958 ], [ 325185.323342117015272, 3313829.663141848519444 ], [ 325187.295995613210835, 3313804.564345915801823 ], [ 325190.011440367321484, 3313779.551228911615908 ], [ 325193.624546233040746, 3313754.657082500867546 ], [ 325198.290183064353187, 3313729.915198350325227 ], [ 325204.16608971246751, 3313705.384611845482141 ], [ 325211.433176061837003, 3313681.33227371936664 ], [ 325220.283560427778866, 3313658.125708763487637 ], [ 325230.909434236702509, 3313636.133097800426185 ], [ 325243.502988915424794, 3313615.722621655091643 ], [ 325258.256415890529752, 3313597.262461150996387 ], [ 325275.361906588717829, 3313581.120797112118453 ], [ 325294.931186107103713, 3313567.64486039429903 ], [ 325316.578208578808699, 3313557.052283699158579 ], [ 325339.726809736108407, 3313549.511201080866158 ], [ 325363.800445702974685, 3313545.189647759310901 ], [ 325388.222572603379376, 3313544.25565894972533 ], [ 325412.416646561294328, 3313546.877269871998578 ], [ 325435.806123700691387, 3313553.222515744622797 ], [ 325457.847640724037774, 3313563.416299663949758 ], [ 325478.41109256882919, 3313577.046321760397404 ], [ 325497.646677102777176, 3313593.335910566616803 ], [ 325515.709919077635277, 3313611.501470086630434 ], [ 325532.756343244458549, 3313630.759404325857759 ], [ 325548.941474354942329, 3313650.326117289252579 ], [ 325564.421859745460097, 3313669.452353448141366 ], [ 325579.370094408979639, 3313687.927769865840673 ], [ 325593.971520279825199, 3313705.97009154362604 ], [ 325608.411830741621088, 3313723.808845872059464 ], [ 325622.876719178515486, 3313741.673560238443315 ], [ 325637.551878974307328, 3313759.793762035667896 ], [ 325652.616711218550336, 3313778.394584073219448 ], [ 325668.075635544082616, 3313797.578951030038297 ], [ 325683.739420360012446, 3313817.314540369901806 ], [ 325699.408795792842284, 3313837.562018757220358 ], [ 325714.884491969598457, 3313858.282052856404334 ], [ 325729.967239016725216, 3313879.435309334658086 ], [ 325744.45776706119068, 3313900.982454855460674 ], [ 325758.156806229613721, 3313922.884156083222479 ], [ 325770.865086648671422, 3313945.101079683285207 ], [ 325782.383338445215486, 3313967.59389232005924 ], [ 325792.512291746039409, 3313990.323260660283267 ], [ 325801.052676677587442, 3314013.249851366039366 ], [ 325807.805223366827704, 3314036.334331104997545 ], [ 325812.570776386011858, 3314059.537379548419267 ], [ 325815.248528497642837, 3314082.830854029394686 ], [ 325816.015487887430936, 3314106.21818670257926 ], [ 325815.097370553878136, 3314129.708345562685281 ], [ 325812.719892495078966, 3314153.310298598837107 ], [ 325809.10876970924437, 3314177.033013805281371 ], [ 325804.489718194643501, 3314200.88545917160809 ], [ 325799.088453949661925, 3314224.876602692529559 ], [ 325793.130692972277757, 3314249.015412357170135 ], [ 325786.842151260992978, 3314273.310856158845127 ], [ 325780.44854481384391, 3314297.771902089007199 ], [ 325774.175589629099704, 3314322.407518139109015 ], [ 325768.249001704971306, 3314347.226672301534563 ], [ 325762.89449703990249, 3314372.238332568202168 ], [ 325758.337791631929576, 3314397.451466930564493 ], [ 325754.804601479379926, 3314422.875043381936848 ], [ 325752.520642580464482, 3314448.518029911443591 ], [ 325751.71163093339419, 3314474.389394514262676 ], [ 325752.596620775118936, 3314500.432302968110889 ], [ 325755.351756974181626, 3314526.166079488117248 ], [ 325760.136175591731444, 3314550.942042102571577 ], [ 325767.108970056113321, 3314574.111087726894766 ], [ 325776.429233795439359, 3314595.024113271851093 ], [ 325788.256060237879865, 3314613.032015651464462 ], [ 325802.748542811663356, 3314627.485691782087088 ], [ 325820.057888209819794, 3314637.748271211981773 ], [ 325840.040311844961252, 3314643.640426625497639 ], [ 325862.175407007860485, 3314645.566986494231969 ], [ 325885.91824803838972, 3314643.970809150952846 ], [ 325910.723909276362974, 3314639.294752930290997 ], [ 325936.047465061710682, 3314631.981676164548844 ], [ 325961.343989734188654, 3314622.474437188357115 ], [ 325986.068557633669116, 3314611.215894334949553 ], [ 326009.679010303632822, 3314598.647467463742942 ], [ 326031.862457261944655, 3314585.091396030504256 ], [ 326052.70347800507443, 3314570.663302625529468 ], [ 326072.326286421215627, 3314555.458206688053906 ], [ 326090.85509639873635, 3314539.571127655915916 ], [ 326108.414121825713664, 3314523.097084966022521 ], [ 326125.127706717234105, 3314506.13111433153972 ], [ 326141.152727937151212, 3314488.772319713141769 ], [ 326156.721241318446118, 3314471.129206235986203 ], [ 326172.075889443105552, 3314453.311602907255292 ], [ 326187.459314893523697, 3314435.429338732268661 ], [ 326203.114160251629073, 3314417.592242715880275 ], [ 326219.282971533189993, 3314399.910135928075761 ], [ 326236.14218174200505, 3314382.487405082210898 ], [ 326253.686992675648071, 3314365.413540058303624 ], [ 326271.88182897248771, 3314348.775500915944576 ], [ 326290.691115271358285, 3314332.660247717052698 ], [ 326310.07927621062845, 3314317.15474052214995 ], [ 326330.010736428957898, 3314302.345939392223954 ], [ 326350.449920564889908, 3314288.320804387331009 ], [ 326371.361253256851342, 3314275.166295567527413 ], [ 326392.709159143443685, 3314262.969372992869467 ], [ 326414.458062863384839, 3314251.816996726673096 ], [ 326436.572389055043459, 3314241.796126827597618 ], [ 326459.016562357079238, 3314232.993723357096314 ], [ 326481.755007407977246, 3314225.496746375225484 ], [ 326504.752151713299099, 3314219.392150205094367 ], [ 326527.987558389839251, 3314214.736605131532997 ], [ 326551.491256614041049, 3314211.485806567128748 ], [ 326575.303780812188052, 3314209.574430528562516 ], [ 326599.465665410913061, 3314208.937153033912182 ], [ 326624.01744483661605, 3314209.508650101255625 ], [ 326648.999653515522368, 3314211.223597745411098 ], [ 326674.45282587420661, 3314214.016671985853463 ], [ 326700.417496338952333, 3314217.822548837400973 ], [ 326726.92766684864182, 3314222.566344467457384 ], [ 326753.817317353736144, 3314227.880456446669996 ], [ 326780.688087314309087, 3314233.057267821859568 ], [ 326807.128574513364583, 3314237.370076032821089 ], [ 326832.727376733906567, 3314240.092178517021239 ], [ 326857.073091759055387, 3314240.496872714255005 ], [ 326879.754317371582147, 3314237.857456060592085 ], [ 326900.359651354781818, 3314231.44722599722445 ], [ 326918.476921243884135, 3314220.54269056301564 ], [ 326933.562096896348521, 3314204.969976745545864 ], [ 326944.791072133346461, 3314185.722645210102201 ], [ 326951.303940061014146, 3314163.943483819719404 ], [ 326952.263489679200575, 3314140.771436681039631 ], [ 326947.643028720805887, 3314117.208179232198745 ], [ 326938.429015015775803, 3314094.08380079548806 ], [ 326925.671762194077019, 3314072.217576134949923 ], [ 326910.404215779330116, 3314052.357244097627699 ], [ 326893.438280859962106, 3314034.340120175853372 ], [ 326875.43360972602386, 3314017.376419650856405 ], [ 326857.046846299606841, 3314000.663966909050941 ], [ 326838.934634502686094, 3313983.400586337316781 ], [ 326821.753618257294875, 3313964.784102321136743 ], [ 326806.153640949400142, 3313944.053261522669345 ], [ 326792.661485687131062, 3313921.187326600775123 ], [ 326781.696968483622186, 3313896.809235391672701 ], [ 326773.676343284081668, 3313871.563360497355461 ], [ 326769.015864033484831, 3313846.094074523076415 ], [ 326768.13178467709804, 3313821.045750072225928 ], [ 326771.440359160013031, 3313797.062759746797383 ], [ 326779.344125983014237, 3313774.785246857907623 ], [ 326791.735167458537035, 3313754.695950448978692 ], [ 326807.855324150295928, 3313737.077101030852646 ], [ 326826.904249643848743, 3313722.197920336853713 ], [ 326848.081597524636891, 3313710.327630100306123 ], [ 326870.587021378101781, 3313701.735452055931091 ], [ 326893.620174789626617, 3313696.690607936121523 ], [ 326916.483342229272239, 3313695.382677899673581 ], [ 326938.926325851585716, 3313697.653968353755772 ], [ 326960.820874262310099, 3313703.252155248075724 ], [ 326982.038738728966564, 3313711.92491246573627 ], [ 327002.451670518727042, 3313723.419913894496858 ], [ 327021.931420898821671, 3313737.484833417925984 ], [ 327040.349741136538796, 3313753.867344921920449 ], [ 327057.578382499108557, 3313772.315122290048748 ], [ 327073.489096253877506, 3313792.575839409139007 ], [ 327087.953633667959366, 3313814.397170162759721 ], [ 327100.843746008758899, 3313837.526788437273353 ], [ 327112.03118454356445, 3313861.712368117645383 ], [ 327121.387700539431535, 3313886.701583087444305 ], [ 327128.785502062179148, 3313912.242053343914449 ], [ 327134.329531021532603, 3313938.053944035433233 ], [ 327138.735703888989519, 3313963.785345626063645 ], [ 327142.818988343933597, 3313989.072663830593228 ], [ 327147.394352066388819, 3314013.552304368000478 ], [ 327153.276762736029923, 3314036.86067295493558 ], [ 327161.281188032706268, 3314058.634175308980048 ], [ 327172.222595636034384, 3314078.509217144921422 ], [ 327186.915188011713326, 3314096.122163210529834 ], [ 327205.666720764362253, 3314111.08226137701422 ], [ 327227.403180195135064, 3314122.924774930812418 ], [ 327250.817072541918606, 3314131.172465849202126 ], [ 327274.600904042250477, 3314135.348096108064055 ], [ 327297.447180934075732, 3314134.974427685141563 ], [ 327318.048409455106594, 3314129.574222556781024 ], [ 327335.162247487343848, 3314118.720477041322738 ], [ 327348.530752471357118, 3314102.745196135248989 ], [ 327358.658682542387396, 3314082.568455444183201 ], [ 327366.070700744399801, 3314059.125678000971675 ], [ 327371.291470121243037, 3314033.352286833338439 ], [ 327374.845653716940433, 3314006.183704974595457 ], [ 327377.257914575166069, 3313978.555355452001095 ], [ 327379.046726195083465, 3313951.382100904826075 ], [ 327380.581001061247662, 3313925.081993060652167 ], [ 327382.075976931606419, 3313899.562607839237899 ], [ 327383.739879086089786, 3313874.70822714921087 ], [ 327385.780932804802433, 3313850.403132901526988 ], [ 327388.407363367557991, 3313826.53160700481385 ], [ 327391.82739605451934, 3313802.977931370958686 ], [ 327396.249256145616528, 3313779.62638790672645 ], [ 327401.881168921070639, 3313756.361258525401354 ], [ 327408.905103244062047, 3313733.10413922695443 ], [ 327417.356625525222626, 3313709.98468466475606 ], [ 327427.220577835279983, 3313687.204635974019766 ], [ 327438.481752744643018, 3313664.965804635547101 ], [ 327451.124942823662423, 3313643.470002131070942 ], [ 327465.134940642747097, 3313622.919039942789823 ], [ 327480.496538772305939, 3313603.514729551505297 ], [ 327497.194529782573227, 3313585.458882439881563 ], [ 327515.213706244132482, 3313568.953310088720173 ], [ 327534.53886072721798, 3313554.19982397928834 ], [ 327555.154785802296828, 3313541.400235594715923 ], [ 327577.046274039719719, 3313530.756356416270137 ], [ 327600.198118009779137, 3313522.469997924286872 ], [ 327624.595110283000395, 3313516.742971601430327 ], [ 327650.219412697770167, 3313513.770659898407757 ], [ 327676.89436540112365, 3313513.360313955228776 ], [ 327704.196571042120922, 3313514.716203367337584 ], [ 327731.681341497809626, 3313516.990566954948008 ], [ 327758.903988645237405, 3313519.335643540136516 ], [ 327785.419824361335486, 3313520.903671944513917 ], [ 327810.784160523151513, 3313520.846890990622342 ], [ 327834.552309007791337, 3313518.31753950053826 ], [ 327856.279581692186184, 3313512.467856295406818 ], [ 327875.600271274801344, 3313502.65386823983863 ], [ 327892.512027648102958, 3313489.169144371058792 ], [ 327907.116926630435046, 3313472.576695786323398 ], [ 327919.517053243995178, 3313453.439557328354567 ], [ 327929.81449251138838, 3313432.320763843134046 ], [ 327938.111329454928637, 3313409.783350173383951 ], [ 327944.518442590371706, 3313386.380844356492162 ], [ 327949.333486709569115, 3313362.464847183320671 ], [ 327953.032680372998584, 3313338.193910887930542 ], [ 327956.099392091855407, 3313313.718857761472464 ], [ 327959.016990376694594, 3313289.190510094165802 ], [ 327962.268843739002477, 3313264.759690179023892 ], [ 327966.338320689625107, 3313240.577220307197422 ], [ 327971.70878973940853, 3313216.793922769837081 ], [ 327978.86361939960625, 3313193.560619859490544 ], [ 327988.180920476734173, 3313171.014715692494065 ], [ 327999.581717587308958, 3313149.235345379449427 ], [ 328012.862991207337473, 3313128.285830975975841 ], [ 328027.821719465602655, 3313108.229494237806648 ], [ 328044.254880490887444, 3313089.12965692114085 ], [ 328061.959452412265819, 3313071.049640782177448 ], [ 328080.740428340388462, 3313054.056388466153294 ], [ 328100.462740798713639, 3313038.243921152316034 ], [ 328121.018465178145561, 3313023.718522220849991 ], [ 328142.299810970609542, 3313010.586535633541644 ], [ 328164.198987667972688, 3312998.954305352177471 ], [ 328186.608204762043897, 3312988.92817533807829 ], [ 328209.419671744632069, 3312980.614489553496242 ], [ 328232.525598107487895, 3312974.119591960217804 ], [ 328255.818193342769518, 3312969.549826520029455 ], [ 328279.189666942053009, 3312967.011537196114659 ], [ 328302.532228397147264, 3312966.611067947000265 ], [ 328325.738087200035807, 3312968.454762736335397 ], [ 328348.699452842585742, 3312972.648965526837856 ], [ 328371.30853481660597, 3312979.30002028029412 ], [ 328393.451900717162061, 3312988.5044223703444 ], [ 328414.918453231279273, 3313000.188181736506522 ], [ 328435.41450421087211, 3313014.133136420976371 ], [ 328454.64376501145307, 3313030.116584998555481 ], [ 328472.309946988185402, 3313047.915826042648405 ], [ 328488.116761497105472, 3313067.308158130850643 ], [ 328501.770172370481305, 3313088.070704403333366 ], [ 328513.23008711222792, 3313109.960809966083616 ], [ 328522.93990616092924, 3313132.698163764551282 ], [ 328531.397249507310335, 3313155.998231929726899 ], [ 328539.099737141805235, 3313179.576480596326292 ], [ 328546.544989055139013, 3313203.148375898133963 ], [ 328554.230625237920322, 3313226.42938396660611 ], [ 328562.654265680699609, 3313249.134970935061574 ], [ 328572.279201402270701, 3313271.006608069408685 ], [ 328583.158887534518726, 3313292.096228496171534 ], [ 328595.077167581883259, 3313312.660003502387553 ], [ 328607.81315194896888, 3313332.957689825911075 ], [ 328621.145951040729415, 3313353.249044206459075 ], [ 328634.85467526211869, 3313373.793823384214193 ], [ 328648.718435018032324, 3313394.851784097030759 ], [ 328662.530411656596698, 3313416.658313458319753 ], [ 328676.389445574837737, 3313438.919424269814044 ], [ 328690.690372775716241, 3313460.828491234686226 ], [ 328705.840166891866829, 3313481.557867765892297 ], [ 328722.245801556040533, 3313500.279907273128629 ], [ 328740.314250400639139, 3313516.166963163763285 ], [ 328760.451391901588067, 3313528.391884258482605 ], [ 328782.66378475422971, 3313536.30815673340112 ], [ 328805.966231691651046, 3313539.717900133226067 ], [ 328829.22218517732108, 3313538.491699214559048 ], [ 328851.295097674475983, 3313532.500138733536005 ], [ 328871.048423073429149, 3313521.613804700784385 ], [ 328887.629795475455467, 3313505.95356661407277 ], [ 328901.265697337279562, 3313486.590458381455392 ], [ 328912.43858452438144, 3313464.820955072529614 ], [ 328921.611001987592317, 3313441.850159053690732 ], [ 328929.0864682692918, 3313418.153388428036124 ], [ 328935.092299704498146, 3313393.856263578869402 ], [ 328939.855334045714699, 3313369.082208641339093 ], [ 328943.602409045444801, 3313343.954647747334093 ], [ 328946.560362456308212, 3313318.597005029674619 ], [ 328948.956032030924689, 3313293.132704623043537 ], [ 328951.016255521622952, 3313267.685170659795403 ], [ 328952.967869947489817, 3313242.377826877869666 ], [ 328954.985708335938398, 3313217.306018699426204 ], [ 328957.051470216596499, 3313192.460813729092479 ], [ 328959.102029709203634, 3313167.809077163692564 ], [ 328961.074260933382902, 3313143.317674193531275 ], [ 328962.905038008932024, 3313118.953470014035702 ], [ 328964.531235055590514, 3313094.683329820632935 ], [ 328965.889726193097886, 3313070.474118806421757 ], [ 328966.917385540960822, 3313046.292702165897936 ], [ 328967.551087219209876, 3313022.1059450940229 ], [ 328967.727705347293522, 3312997.880712783895433 ], [ 328967.384114045184106, 3312973.583870430476964 ], [ 328966.457187432446517, 3312949.18228322872892 ], [ 328964.883799628878478, 3312924.642816371284425 ], [ 328962.600824754103087, 3312899.932335052639246 ], [ 328959.545136927918065, 3312875.017704469151795 ], [ 328955.653610269946512, 3312849.865789810661227 ], [ 328950.863121669099201, 3312824.443457092624158 ], [ 328945.225436412962154, 3312798.751405366696417 ], [ 328939.212680814031046, 3312772.914124199654907 ], [ 328933.393095914332662, 3312747.084407620131969 ], [ 328928.33492275577737, 3312721.41504965396598 ], [ 328924.606402380391955, 3312696.05884432932362 ], [ 328922.775775830144994, 3312671.168585671577603 ], [ 328923.411284146772232, 3312646.897067706100643 ], [ 328927.081168372533284, 3312623.397084462456405 ], [ 328934.337435067223851, 3312600.829267647583038 ], [ 328945.242340202792548, 3312579.590690726879984 ], [ 328959.293424956325907, 3312560.351060131564736 ], [ 328975.956907780957408, 3312543.795204277615994 ], [ 328994.699007129413076, 3312530.607951579615474 ], [ 329014.985941454709973, 3312521.474130453541875 ], [ 329036.283929209806956, 3312517.078569315373898 ], [ 329058.059515779605135, 3312518.104074042290449 ], [ 329079.856743232579902, 3312524.754024091176689 ], [ 329101.396763773518614, 3312536.136122604832053 ], [ 329122.425359280430712, 3312551.205703423824161 ], [ 329142.688311630976386, 3312568.918100385461003 ], [ 329161.931402703048661, 3312588.228647330310196 ], [ 329179.900414374365937, 3312608.092678096145391 ], [ 329196.392964906583074, 3312627.603705009445548 ], [ 329211.525527337449603, 3312646.705200734082609 ], [ 329225.535721967695281, 3312665.663576076272875 ], [ 329238.661402959027328, 3312684.74586523976177 ], [ 329251.140424472803716, 3312704.219102423638105 ], [ 329263.210640670731664, 3312724.350321831181645 ], [ 329275.101736173848622, 3312745.376634507440031 ], [ 329286.959481400379445, 3312767.227792995981872 ], [ 329298.880334602319635, 3312789.652930675540119 ], [ 329310.960124108532909, 3312812.398873658385128 ], [ 329323.294678247941192, 3312835.21244805585593 ], [ 329335.979825349582825, 3312857.840479981619865 ], [ 329349.111393741972279, 3312880.029795547015965 ], [ 329362.785211754147895, 3312901.527220866177231 ], [ 329377.09710771497339, 3312922.079582049511373 ], [ 329392.142909953428898, 3312941.433705211617053 ], [ 329408.018446798319928, 3312959.336416464298964 ], [ 329424.819546578335576, 3312975.5345419193618 ], [ 329442.641128966410179, 3312989.776071517262608 ], [ 329461.518795979034621, 3313001.88497072737664 ], [ 329481.393336675595492, 3313011.806643794756383 ], [ 329502.197039177524857, 3313019.497383183799684 ], [ 329523.862191605847329, 3313024.913481353316456 ], [ 329546.321082081936765, 3313028.011230765841901 ], [ 329569.505998726701364, 3313028.746923882514238 ], [ 329593.349192861525808, 3313027.076876876410097 ], [ 329617.722667489026207, 3313022.996225043199956 ], [ 329642.315497314673848, 3313016.617967823054641 ], [ 329666.782168119680136, 3313008.077390948776156 ], [ 329690.777165685489308, 3312997.509780153632164 ], [ 329713.954975793254562, 3312985.050421170890331 ], [ 329735.970084224478342, 3312970.834599734283984 ], [ 329756.47698227444198, 3312954.997601609677076 ], [ 329775.20134384650737, 3312937.675111674703658 ], [ 329792.118045238719787, 3312919.004212074447423 ], [ 329807.256465650745668, 3312899.12229054607451 ], [ 329820.645984282076824, 3312878.166734828613698 ], [ 329832.31598033249611, 3312856.27493266062811 ], [ 329842.295833001611754, 3312833.584271778352559 ], [ 329850.614921488973778, 3312810.232139919884503 ], [ 329857.30262499419041, 3312786.355924824252725 ], [ 329862.388322716986295, 3312762.093014229089022 ], [ 329865.901393856969662, 3312737.580795872025192 ], [ 329867.871217613806948, 3312712.956657490693033 ], [ 329868.327173186989967, 3312688.357986823655665 ], [ 329867.298639776243363, 3312663.922171609010547 ], [ 329864.81499661935959, 3312639.786599474959075 ], [ 329860.915638802573085, 3312616.059991091489792 ], [ 329855.678162264288403, 3312592.741730188950896 ], [ 329849.18926897511119, 3312569.805137578863651 ], [ 329841.53566090518143, 3312547.223534069955349 ], [ 329832.804040025104769, 3312524.970240473281592 ], [ 329823.081108305312227, 3312503.018577600363642 ], [ 329812.453567716176622, 3312481.341866261791438 ], [ 329801.008120228303596, 3312459.91342726862058 ], [ 329788.831467812007759, 3312438.706581430044025 ], [ 329776.010312437720131, 3312417.694649558980018 ], [ 329762.631356075929943, 3312396.850952464155853 ], [ 329748.781300697126426, 3312376.148810959421098 ], [ 329734.546848271682393, 3312355.561545852106065 ], [ 329720.014700770028867, 3312335.062477954663336 ], [ 329705.271560162655078, 3312314.624928077682853 ], [ 329690.404128419992048, 3312294.222217032220215 ], [ 329675.4991075124708, 3312273.827665627934039 ], [ 329660.643199410464149, 3312253.414594676345587 ], [ 329645.923106084577739, 3312232.95632498851046 ], [ 329631.425529505126178, 3312212.426177374552935 ], [ 329626.461194143805187, 3312205.208442289847881 ] ] } }
]
}
